acceleration_x,acceleration_y,acceleration_z,attitude_pitch,attitude_roll,attitude_yaw,gravity_x,gravity_y,gravity_z,quaternion_x,quaternion_y,quaternion_z,quaternion_w,rotation_x,rotation_y,rotation_z
0.004903759807,0.005683124065,-0.002975165844,0.7594169141,0.04989802607,-0.01991651098,0.03617291152,-0.6884986758,-0.7243349552,0.3707466778,0.01947859455,0,0.9285298124,-0.02051441185,0.01304964535,0.002049223054
0.005625009537,0.01180702448,-0.007609426975,0.7594450474,0.05008332225,-0.01992158771,0.03630615771,-0.6885190606,-0.724308908,0.3707597981,0.01956341968,3.24E-05,0.928522761,0.01397871599,0.005435562227,0.00987035688
0.009314265102,0.007584512234,-0.008755147457,0.7598296005,0.04997983255,-0.01973245135,0.03621796891,-0.6887979507,-0.7240481377,0.3709364449,0.01954689298,0.0001061606454,0.9284525459,0.02805272304,-5.96E-05,0.02020741627
0.009649783373,-0.006042957306,-0.01241379976,0.7604593109,0.04971483531,-0.01946824604,0.03600453585,-0.6892542839,-0.7236244082,0.3712261325,0.0194671271,0.0001880665778,0.9283384372,0.01355407573,-0.01246876363,0.01695173793
0.006959374994,-0.005853235722,-0.01124596596,0.7610372204,0.04945354174,-0.0192416854,0.03579575568,-0.6896728873,-0.7232357264,0.3714921747,0.01938266333,0.0002523965143,0.9282336909,-0.0001090060687,-0.01089803036,0.01641724259
-9.17E-05,-0.004575490952,-0.00880843401,0.7615164934,0.04928828231,-0.01901378122,0.03565994278,-0.690019846,-0.7229114175,0.3717123801,0.01934398765,0.0003338029142,0.9281463092,-0.01150848996,-0.0005825962871,0.01467770431
-0.001889407635,-0.00163602829,-0.006825566292,0.7617198163,0.04923058805,-0.01884039413,0.03561133519,-0.6901670098,-0.7227734327,0.3718050053,0.01934761804,0.0004062207856,0.9281091995,-0.02940573171,0.001872838475,0.01600475796
-0.001222759485,0.001897215843,-0.006031215191,0.7614785004,0.0491624704,-0.01864351359,0.03557028249,-0.6899923682,-0.7229421735,0.3716911642,0.0193547547,0.0004817506804,0.9281545814,-0.02819607779,0.005407332443,0.01326139737
0.0003089606762,0.005478322506,-0.006443023682,0.7609661606,0.0492148162,-0.01857563213,0.03562551364,-0.6896214485,-0.7232932448,0.3714527597,0.01939621234,0.0005162458244,0.9282491339,-0.03077987768,-0.002670035232,0.008481022902
0.003747284412,0.007657289505,-0.003870487213,0.7602879619,0.04921812614,-0.01856258963,0.03565090895,-0.6891301274,-0.723760128,0.3711379063,0.01940618987,0.0005139987544,0.9283748446,-0.02077660151,-0.009494120255,0.006629250944
0.002258479595,0.01182627678,-0.004429578781,0.7597662484,0.04929001861,-0.0186259323,0.03572065011,-0.6887519956,-0.7241165042,0.3708963734,0.01943244701,0.0004910673238,0.928470806,-0.01735124364,-0.01359698549,0.004315496888
-0.002973828465,0.01471316814,-0.002871096134,0.7595808919,0.04938465906,-0.01871992852,0.03579548374,-0.6886175871,-0.7242406607,0.3708112209,0.01946060442,0.0004625348851,0.9285042613,-0.002293020021,-0.00308948243,0.006729576271
-0.006162285805,0.01267635822,-0.0009460449219,0.7595707478,0.04950976302,-0.01875177054,0.03588643298,-0.6886102557,-0.7242431045,0.3708068138,0.01951287185,0.0004708139678,0.9285048773,0.009763908572,0.005528506357,0.006513593718
-0.002475831658,0.009289205074,-0.0010176301,0.759634275,0.04943699358,-0.01863378798,0.0358315669,-0.6886563301,-0.7242020369,0.3708351666,0.01950039693,0.0005129346993,0.9284937967,0.007158050314,-0.000282138586,0.008983143605
-0.0003549456596,0.003968298435,-0.0003154277802,0.759640388,0.04931095874,-0.01852320197,0.03574008495,-0.6886607409,-0.7242023349,0.3708369585,0.0194623359,0.0005409852952,0.9284938669,-0.0004002671922,-0.001882698387,0.006375109777
-0.0005367733538,-0.0004009604454,0.002051055431,0.7595068727,0.04928183849,-0.0185062481,0.03572352603,-0.6885639429,-0.7242951989,0.3707748322,0.01945314388,0.0005417004036,0.9285188605,-0.008218242787,0.002905558795,-0.004786693025
-0.002030376345,-0.003755629063,0.002306997776,0.7591733477,0.04939017487,-0.01859949762,0.03581332788,-0.6883220077,-0.7245206833,0.37062089,0.01948911864,0.0005140935784,0.9285795845,-0.02405899204,0.009627377614,-0.01065496914
-0.0003269612789,-0.006694853306,0.003599703312,0.7586765293,0.04966930497,-0.01876450452,0.03603253886,-0.6879615188,-0.7248521447,0.3703917799,0.01959258658,0.000482615159,0.9286688701,-0.03431873024,0.01760343835,-0.004713798407
0.0003890693188,-0.003478884697,0.006269693375,0.7580199567,0.0499134332,-0.01878587914,0.03623202443,-0.6874848604,-0.725294292,0.3700870721,0.01970788002,0.0005091495475,0.9287879424,-0.04194922,0.02430555038,0.00321176881
0.003663714975,0.00468236208,0.006319820881,0.7573867283,0.0499969189,-0.01866106957,0.03631431982,-0.6870248914,-0.7257258892,0.369791837,0.01977541788,0.0005741165925,0.9289039481,-0.03118898347,0.02538290434,0.004247890785
0.00565084815,0.009678244591,0.008589744568,0.7570384054,0.04995460579,-0.01845386573,0.03629556298,-0.6867717505,-0.7259664536,0.3696279788,0.01979717454,0.0006578907139,0.9289687838,-0.004822091199,0.0118055772,0.006313438527
0.006367024034,0.00676459074,0.0118060708,0.756976515,0.04995302854,-0.0183063932,0.03629653901,-0.6867267489,-0.7260088921,0.369597822,0.01982424714,0.0007252775183,0.9289800585,0.01352265105,0.01383341476,0.006513480097
0.00687584281,0.0005682706833,0.01165521145,0.7570797976,0.05005572501,-0.01819807692,0.03636755049,-0.6868018508,-0.7259343266,0.3696446508,0.01989105052,0.0007959407781,0.9289599851,0.006641308311,0.02517448738,0.009671456181
0.008037805557,-0.009162902832,0.009602665901,0.7571901905,0.05028904933,-0.01809489309,0.03653311729,-0.6868820786,-0.7258501649,0.3696947538,0.02001751748,0.0008884631134,0.9289373199,-0.002778691938,0.04060873017,0.005098504014
0.01310324296,-0.0232000351,0.0110527873,0.7572334162,0.05071224296,-0.01796706873,0.03683877736,-0.6869134903,-0.7258048654,0.3697134147,0.02023732502,0.001026644394,0.9289248256,-0.02808538079,0.06798842549,0.01042589173
0.02870133147,-0.04103380442,0.01133495569,0.7569446359,0.05132394704,-0.01768510459,0.03729292378,-0.6867036223,-0.7259802818,0.3695760897,0.02057611587,0.001266769143,0.9289717108,-0.06446238607,0.08950047195,0.02225253358
0.05448269472,-0.06362074614,0.006697356701,0.7562258206,0.05182247872,-0.0170163338,0.0376804024,-0.6861808896,-0.7264543772,0.3692349399,0.02093753541,0.00165974257,0.9290986684,-0.134143725,0.09033990651,0.07688567787
0.08832481503,-0.07295507193,0.01127064228,0.7548269926,0.05144211478,-0.01569896847,0.03745340556,-0.6851626635,-0.7274265885,0.3685716301,0.02101577507,0.002182758083,0.9293592633,-0.1563595086,0.03220059723,0.09559024125
0.09177580476,-0.09378868341,0.00323677063,0.7532287025,0.05067026541,-0.01407767725,0.03694734722,-0.6839976311,-0.7285479903,0.3678128817,0.02096856717,0.002773012327,0.9296592786,-0.1702407002,0.02135593817,0.1326462775
0.1081587374,-0.1362276673,0.001149952412,0.7514254437,0.04916987715,-0.01169329198,0.03591476753,-0.6826810241,-0.7298334241,0.366952136,0.02072267056,0.003582878409,0.9300021554,-0.2168266624,-0.0078183515,0.2009444833
0.1360661685,-0.2042155266,-0.0007374286652,0.7489089624,0.04655299128,-0.008144268358,0.03408459574,-0.680840075,-0.73163867,0.3657509232,0.02017243063,0.004723954787,0.9304822269,-0.3231930435,-0.04001277313,0.2957796156
0.1650504768,-0.2818191648,-0.001599431038,0.7450651823,0.04257410622,-0.003105794366,0.0312843807,-0.6780197024,-0.7343777418,0.3639233116,0.01926033106,0.006301314492,0.9312085422,-0.4858970642,-0.07911277562,0.4127610326
0.203247577,-0.348798275,-0.001419484615,0.7394221059,0.03682987012,0.003975490191,0.02720589936,-0.6738610268,-0.7383571267,0.3612498709,0.01788780577,0.008506892949,0.9322587458,-0.6751886606,-0.1276065409,0.5964872241
0.259691149,-0.4364020824,-0.0009390115738,0.7322339428,0.02831599358,0.01396682977,0.02105530538,-0.6685326695,-0.7433847189,0.3578554975,0.01571864076,0.01158803958,0.9335728454,-0.8223319054,-0.2481990457,0.836564064
0.3159840107,-0.5293686986,-0.01575821638,0.7232695659,0.01629810723,0.02723369356,0.01221726742,-0.6618392467,-0.7495462894,0.3536553992,0.01243856055,0.01561815358,0.9351627154,-1.02136755,-0.4061916173,1.099984288
0.3656871021,-0.6082055569,-0.03500306606,0.7117531446,6.65E-06,0.04396873755,5.03E-06,-0.6531623006,-0.7572179437,0.3483278743,0.007662117786,0.02060635698,0.9371149399,-1.317962885,-0.6584720016,1.392191648
0.4005699754,-0.6629833579,-0.06437766552,0.6966983356,-0.02080679325,0.06418122075,-0.01595693268,-0.6416889429,-0.7667990327,0.3414660946,0.001178214025,0.02660708587,0.9395167495,-1.657397151,-0.865421474,1.699223995
0.4161281586,-0.6825624108,-0.1142119169,0.6778630935,-0.04554977387,0.08778687376,-0.03546711802,-0.627129972,-0.7781067491,0.3330156349,-0.006871488123,0.03380809583,0.9422900121,-1.971648216,-1.078909397,2.061882973
0.4353014231,-0.6962005496,-0.144980669,0.6555569841,-0.07405891195,0.1147650226,-0.0586534813,-0.609600842,-0.7905356288,0.3232005015,-0.01654133751,0.04236148301,0.9452372325,-2.234701872,-1.308257937,2.415343285
0.4701315761,-0.711114645,-0.1547180414,0.629022174,-0.1068509497,0.1447081596,-0.08623570949,-0.5883543491,-0.8039916754,0.3117729275,-0.02831639048,0.05217067229,0.9483006449,-2.629245043,-1.647675395,2.812752962
0.5265929699,-0.7144954205,-0.1535510421,0.5966284176,-0.143440564,0.1768145765,-0.1182525232,-0.5618565679,-0.818738997,0.2980562957,-0.04234320856,0.06319670245,0.9515123365,-3.143334627,-1.973900437,3.167401075
0.574795723,-0.6971843243,-0.1214100122,0.5575078098,-0.1828440564,0.2096115582,-0.1542940438,-0.529073,-0.8344309926,0.2816872886,-0.05862390231,0.0751731761,0.9547589493,-3.662821531,-2.312648058,3.488058805
0.6217072606,-0.6449768543,-0.05784380436,0.5117249831,-0.2243305369,0.2418071299,-0.1939576566,-0.489681989,-0.8500541449,0.2627140235,-0.07716392865,0.08782910303,0.9577647587,-4.163311958,-2.694503307,3.742971182
0.6636242867,-0.5540099144,0.05843776464,0.4593329865,-0.2678925724,0.2718705811,-0.2372632176,-0.4433503151,-0.8643764853,0.2411548889,-0.09826540615,0.1006549847,0.9602379142,-4.695569992,-3.216674566,3.922547102
0.6899741888,-0.3505452573,0.2716606855,0.4000289386,-0.3150180396,0.2984014491,-0.2853721678,-0.3894450068,-0.8757255673,0.2168958465,-0.1228551828,0.1130619154,0.9618106745,-5.211022377,-3.999619722,4.066986084
0.6430439353,0.06277617812,0.7051579356,0.3378755205,-0.3692473661,0.3218894866,-0.3405079544,-0.3314834833,-0.8798710704,0.1921414293,-0.1521385783,0.1248180221,0.9614343776,-4.839487553,-5.167812824,4.158662319
0.5111713409,0.6356664896,1.457151771,0.2859558078,-0.4338787779,0.344261639,-0.4033222198,-0.2820745707,-0.8704970479,0.1735858568,-0.1860629294,0.1353437335,0.9575649882,-2.814593792,-6.321716309,3.698908567
0.106995523,1.990441799,1.846346259,0.2574044913,-0.5069097125,0.3668035485,-0.4694833457,-0.254571408,-0.845445931,0.1675153976,-0.22184594,0.1434452949,0.9498139643,-0.6036496758,-7.050410748,2.726915359
-0.6544575691,4.81246233,1.857744575,0.2543751779,-0.5737343845,0.3953283054,-0.5253062248,-0.2516407371,-0.8128532171,0.1744089549,-0.2513064247,0.1516412649,0.9399104261,3.701011181,-4.490564823,2.250180006
-1.011643171,4.628334999,0.2512188554,0.3038891949,-0.6179189106,0.4482931154,-0.5527947545,-0.2992334664,-0.7777385712,0.2073943505,-0.2609948037,0.1644375942,0.9283477745,9.431551933,-1.586992979,0.4207420647
-0.7499506474,2.296625853,0.9110256433,0.388410852,-0.6396861155,0.5040480634,-0.5524785519,-0.3787181079,-0.7425227761,0.2543429139,-0.253077623,0.1735063555,0.917146193,9.79345417,0.8803240061,-1.899715662
-0.5822520852,1.083979964,1.320927024,0.4791839805,-0.6364622386,0.536038441,-0.5274128318,-0.4610552192,-0.7136272192,0.2978365853,-0.2334089971,0.172741311,0.9093811772,8.0819664,2.336139202,-4.259067535
-0.6241403222,0.7608175874,0.8629645109,0.5695943952,-0.6028611188,0.5340756421,-0.4774832428,-0.5392905474,-0.6936681867,0.3339711068,-0.2040323772,0.1613703577,0.9059766972,6.345666885,4.167882919,-6.432097435
-0.4991182983,0.5187471509,0.7415792346,0.6522851481,-0.5268408778,0.4934114534,-0.3995786011,-0.6070039868,-0.686937511,0.3602099456,-0.1636461226,0.1424582601,0.9072896032,3.823252916,6.31104517,-7.879861832
-0.2873844504,0.1175958514,1.135434866,0.7118562835,-0.4006081386,0.4133379014,-0.2952723801,-0.6532403827,-0.6972024441,0.3724956718,-0.1124533282,0.120637135,0.9132622578,1.536908984,8.557828903,-8.40299511
-0.0988663882,-0.5940858126,0.9888749719,0.7530305238,-0.2409607657,0.3124737308,-0.174113363,-0.6838530302,-0.7085404396,0.377962444,-0.05361133673,0.1000002672,0.9188417184,1.616257071,9.686015129,-8.206377983
0.2244087756,-0.8926764131,0.660957098,0.7722904578,-0.06874935038,0.2035222361,-0.04920736328,-0.6977777481,-0.7146221995,0.3776848057,0.006563965237,0.08117331611,0.9223459708,-0.6611272693,9.117199898,-7.822304249
0.6694532633,-0.5645060539,0.5164370537,0.7470148311,0.08358902969,0.1025808687,0.06125958636,-0.6794515252,-0.7311586738,0.3620907529,0.05754090472,0.06291712899,0.9282353787,-3.946313143,7.322359085,-6.681159496
1.412943721,-0.6179976463,0.1039031148,0.6980358792,0.1905919359,0.03657211377,0.1451312453,-0.6427142024,-0.7522336841,0.3387315895,0.09562469522,0.04963874588,0.9346940806,-3.923938274,5.017082691,-4.216736794
2.150809526,-0.9285823107,-0.4313999414,0.6632917634,0.2395512837,0.01114172579,0.1869590282,-0.6157140136,-0.7654688954,0.3226324652,0.1147773094,0.04413464176,0.9385023942,-1.864980221,1.514184594,-1.200966597
2.316474915,-1.271016717,-0.6596737504,0.6559198176,0.2428369667,0.008130900161,0.1905593723,-0.6098884344,-0.7692354918,0.3192720637,0.1159637584,0.04283445452,0.939565381,0.4991792142,-1.045699358,0.1491433382
1.843330145,-1.722846746,-0.9893862009,0.6700113603,0.2227831868,0.009436560278,0.1731798351,-0.6209948659,-0.7644436955,0.3262379086,0.1065221933,0.0409749616,0.9383725645,2.038538694,-2.708519459,0.7220071554
1.277634382,-2.105421066,-1.120342731,0.6965473433,0.1827324992,0.01874020001,0.1393883973,-0.6415731311,-0.754290998,0.3390336328,0.08894210857,0.03990701672,0.9357099494,2.720966816,-4.044168472,1.858520985
0.7760875821,-2.278704166,-0.9788477421,0.7253384573,0.1186396248,0.04925419356,0.08856695145,-0.6633887291,-0.7430150509,0.352674757,0.06413264457,0.04400858919,0.9325078592,2.014247417,-4.654948711,3.614878416
0.2830914259,-2.144537687,-0.6109366417,0.7401953613,0.03082515732,0.1090246897,0.0227557458,-0.6744321585,-0.7379860878,0.3603434283,0.03405247347,0.05635655002,0.9304929055,0.2645021975,-4.78207016,5.391555786
-0.036601156,-1.841693401,-0.4356168509,0.7354563252,-0.07062556399,0.1916973854,-0.05232707411,-0.6709256172,-0.7396761179,0.3607761218,0.0015891379,0.07661438159,0.9294990158,-0.9346648455,-4.214970589,6.731660366
-0.04258538783,-1.417882323,-0.4901234508,0.7115923636,-0.1691880303,0.2857250676,-0.1275195777,-0.6530405283,-0.7465097904,0.3548316053,-0.02897662084,0.1038504298,0.9286926406,-2.138994932,-2.941019773,7.712964535
0.2229121327,-0.8036365509,-0.4692781568,0.6663054313,-0.2537054813,0.3802810618,-0.1973078996,-0.6180858612,-0.7609464526,0.341145814,-0.05609203578,0.1365429044,0.9283476236,-3.692963123,-1.987562656,8.291632652
0.5144853592,-0.1290886998,-0.04051673412,0.5980348489,-0.3199186822,0.4611343366,-0.2599077225,-0.5630194545,-0.7845106721,0.3179092545,-0.08172120616,0.1699223306,0.9291833789,-5.696063995,-1.687873483,7.799685955
0.5913087726,0.4306327999,0.7977185249,0.508929797,-0.3634790447,0.5112559783,-0.3104707897,-0.4872429669,-0.8162121177,0.2837657432,-0.1066346224,0.1966615324,0.9324325132,-7.99826622,-1.881494522,5.943230152
0.511570096,1.40245688,2.665740967,0.4133992321,-0.4018677794,0.524400556,-0.3581887484,-0.4017245173,-0.8428037763,0.244860835,-0.1365330432,0.2090236718,0.9368623642,-8.548316002,-4.077142239,3.291050673
0.04626983404,3.205271721,0.5879056454,0.350658635,-0.4420779701,0.5205979837,-0.40178442,-0.3435164392,-0.8488614559,0.2200168728,-0.1648085188,0.2103031628,0.938191551,-2.480949402,-4.801081657,1.185035944
-0.7230741382,5.020308018,0.7035295367,0.3589121269,-0.4664297067,0.5200593975,-0.4210451245,-0.3512558937,-0.8362656832,0.2262895555,-0.1751005052,0.2062672925,0.9357279027,3.299870014,-0.7022873163,-1.980095029
-0.6436262727,3.98800087,0.7394743562,0.4115705169,-0.4636508048,0.5121621955,-0.4098710418,-0.4000491798,-0.8197355866,0.2493514696,-0.167200669,0.1958980834,0.9335372504,5.0493083,0.4377669692,-3.867579937
-0.2203840017,2.383622885,1.149848104,0.4754114396,-0.4499655166,0.4935032359,-0.3867022097,-0.4577043056,-0.8006048799,0.2755450932,-0.1541831642,0.1804638121,0.9315231416,4.727059364,0.6992422342,-4.71869421
-0.1844641268,1.578544974,0.9001891613,0.5379751118,-0.4260534137,0.4630284845,-0.3549036086,-0.5123981833,-0.7819792628,0.2995842373,-0.138779141,0.1615137417,0.9300016188,4.348729134,1.178359747,-5.387832165
-0.3114432693,1.19425559,0.5570422411,0.5995254345,-0.3839028664,0.4191310985,-0.3092232645,-0.5642507076,-0.7655077577,0.3214461456,-0.1179766695,0.140005505,0.9290599818,4.100274563,2.739273548,-6.243984222
-0.37423563,0.8559928536,-0.06861591339,0.6617032716,-0.3118123863,0.36050391,-0.2420363575,-0.6144615412,-0.7509031296,0.3420370181,-0.08694324589,0.117874269,0.9282011051,4.551548481,4.383150578,-6.68135643
-0.2699483335,0.2919313312,-0.2956177592,0.7335285947,-0.2222944997,0.2948435504,-0.1637675017,-0.6694948673,-0.7245391011,0.3677274333,-0.05006985699,0.09692949819,0.9235119917,6.656699657,5.027135372,-6.66844368
-0.01923429221,-0.169062674,-0.1570487618,0.8143791836,-0.1210293795,0.2219334142,-0.08286224306,-0.7272996306,-0.6812995076,0.3990237227,-0.01141562315,0.07769495961,0.9135716642,6.993005753,4.855240345,-6.128748894
0.4078310728,-0.2397537827,0.1494476795,0.8796014291,-0.01732203715,0.1467436108,-0.01104152389,-0.7704848647,-0.637362659,0.425172205,0.0233939042,0.06264991104,0.9026385152,5.124023914,4.537741661,-4.463736534
1.126537561,-0.6543492675,0.4517096877,0.9233324796,0.0594403385,0.09459616093,0.03583125025,-0.7976160645,-0.6021002531,0.443487988,0.04762646633,0.05553385165,0.8932894927,4.039301395,2.052174568,-1.680022001
1.797635317,-1.835435152,0.8904961944,0.9647622373,0.06321287455,0.0845828202,0.03598285839,-0.8219134808,-0.56847471,0.462060008,0.04757313387,0.05208213847,0.8840389472,4.178037643,-2.815295935,0.9320109487
1.984546304,-3.000263214,0.7369046211,1.005249097,-0.009317645939,0.1150446203,-0.004993048962,-0.8442955017,-0.5358547568,0.481159844,0.02361861421,0.04813911816,0.8749914714,3.696923256,-6.283237934,2.521011829
1.254931927,-3.907785892,0.08028936386,1.023144858,-0.1208033389,0.1741794108,-0.06274744868,-0.8537496924,-0.5168890357,0.4913825387,-0.009934142179,0.04626624565,0.8696574265,-0.3331017196,-5.289179802,3.314819098
0.02338823676,-3.602655172,-0.01782816648,0.9925243307,-0.2109314856,0.2292567116,-0.1144374534,-0.8374083638,-0.534463644,0.4809769551,-0.03780658654,0.05022642685,0.8744765821,-4.156285763,-3.396523714,3.671326637
-0.1690956503,-2.78493762,-0.312661171,0.9372938781,-0.2888303008,0.289978961,-0.1686118841,-0.8059591055,-0.5674505234,0.460838705,-0.06246951444,0.06324133339,0.883020902,-4.765616417,-2.322257519,5.939949512
0.4342568517,-1.730371237,-0.8729108572,0.8627974597,-0.381318858,0.3763367007,-0.2420113832,-0.7596647739,-0.6036058068,0.435519025,-0.09230535901,0.08900088801,0.8910004339,-5.668788433,-2.750981331,8.926784515
1.045199871,-0.920312047,-0.9099789262,0.7642667472,-0.4807280393,0.4703235934,-0.3338198364,-0.6920078397,-0.6400698423,0.4036784239,-0.1304178208,0.1236509448,0.8970759737,-6.902428627,-3.238022566,10.67353439
1.3050704,-0.3279818892,-0.6343666911,0.6398208608,-0.5560750874,0.5399815175,-0.4234481156,-0.5970517397,-0.6813376546,0.3609418714,-0.1704468959,0.1602779213,0.9027623905,-9.495864868,-2.681722403,10.58095932
1.215296745,0.1884634793,0.1402226686,0.4918722439,-0.5919290511,0.5670332721,-0.4918165505,-0.4722770154,-0.731485486,0.3027145853,-0.206448865,0.1913453087,0.9105657193,-12.64499664,-1.193895698,9.071795464
1.021512151,0.721550405,1.488787889,0.3380118307,-0.585477381,0.5468512199,-0.5213291049,-0.3316120803,-0.7862884402,0.2318782236,-0.2304089213,0.2081238839,0.921861637,-14.71056938,-0.932112515,4.547831059
0.5780735016,1.659055591,4.808135033,0.1983012785,-0.6168892531,0.4839625793,-0.567163527,-0.1970041841,-0.7996968031,0.1639566435,-0.2706839951,0.1980215247,0.9277047068,-14.83473778,-7.759662151,1.852204919
0.4514899254,2.777578831,1.845516443,0.1038150735,-0.6844498693,0.4386859992,-0.6288428903,-0.103628695,-0.7705956697,0.1206252472,-0.316467536,0.1877001162,0.9219905727,-3.506970167,-6.879874229,2.121290207
-0.7517273426,4.107487679,1.188252449,0.124394785,-0.7096615592,0.4520099881,-0.6465423107,-0.1240742207,-0.7527208328,0.1345069866,-0.3248806597,0.1886740012,0.9169311267,5.915841579,0.3918260634,-2.843375444
-1.021996498,3.99282527,2.457501888,0.1989384771,-0.6943086583,0.4584349143,-0.6272343993,-0.1976288557,-0.7533391714,0.1678606464,-0.3084691624,0.1797024938,0.9188997482,6.296331882,2.633258343,-5.278550148
-0.355355382,2.181787491,2.383407354,0.2840095848,-0.6599975789,0.4560294797,-0.588553369,-0.2802068591,-0.7583463192,0.2029364741,-0.2822120228,0.1670208513,0.9226469423,6.432222366,4.029852867,-5.662407398
-0.132029593,1.12199223,1.574832439,0.3702791447,-0.6085893035,0.4460521884,-0.5329637527,-0.3618756831,-0.7648501396,0.2364148363,-0.2483605466,0.153624972,0.9267278715,6.352187634,5.534369469,-6.106651306
-0.05513882637,0.6539211869,0.5366942286,0.4625013748,-0.5388865533,0.4269349353,-0.4592655003,-0.4461880922,-0.7681090236,0.2708032143,-0.2064245999,0.139144611,0.9298889261,7.366124153,6.755281448,-6.840943813
-0.06868836284,0.3883413076,-0.8103557229,0.5728483281,-0.453435024,0.4009308199,-0.3681249917,-0.5420278907,-0.7554401755,0.3127168647,-0.1564866746,0.1238909782,0.9286394607,9.872228622,7.573400974,-7.520180225
0.1193858385,0.4511484504,-0.7911698818,0.696912064,-0.359629859,0.3666447652,-0.269868046,-0.6418528557,-0.717771709,0.360956554,-0.1040409011,0.1085351596,0.9203836583,10.00576973,6.757443428,-7.163816929
0.5729454756,0.8170341849,-0.02243804932,0.8009314536,-0.2673953454,0.3193325491,-0.1839074194,-0.7180047035,-0.6713027358,0.4009700149,-0.05976343529,0.09379734525,0.9093149183,7.534832478,5.390088558,-5.565850258
1.382812977,0.3871452212,0.7010007501,0.8720823311,-0.1975833969,0.2868953033,-0.1262669563,-0.7656700015,-0.630718708,0.4287587638,-0.0284002226,0.08771867086,0.8987017245,5.445046425,3.131099701,-1.70791471
1.881101727,-1.871201515,1.405918241,0.9350187287,-0.2193251628,0.312485435,-0.1291943789,-0.8046101928,-0.5795783997,0.4577033679,-0.02680325394,0.08935442705,0.8841973154,8.221398354,-3.842284441,1.807285786
1.017595291,-5.880661011,0.3487682939,0.9588952832,-0.2820621086,0.351591904,-0.1598835438,-0.8185575008,-0.551725328,0.471482054,-0.04291848714,0.08979086694,0.8762421186,-6.233314514,0.3097625375,0.8843641877
0.1142073423,-3.561221123,1.13655889,0.8619395817,-0.2441500806,0.3107800652,-0.1573592126,-0.7591065764,-0.6316608191,0.4267700985,-0.04513187674,0.08930980899,0.8988071489,-7.243691444,-1.573875189,0.04171331599
0.3530926704,-5.520093441,-2.103744984,0.8183193915,-0.2657687949,0.3181784658,-0.1795086861,-0.7299982309,-0.6594537497,0.4086084095,-0.05755246503,0.09201557829,0.9062340377,-4.352299213,-1.374389291,3.265412569
0.4433514476,-2.480170727,-0.4036831856,0.7498259994,-0.3167935946,0.3574641161,-0.2279736102,-0.6815114617,-0.6953920722,0.3819416107,-0.08015342315,0.1065209728,0.9145213001,-6.09197855,-3.176010609,5.902286053
0.5301203132,-1.335839033,-0.8926542401,0.674671325,-0.387777105,0.4180763862,-0.2952875197,-0.6246407032,-0.7229310274,0.3554329378,-0.110462308,0.1297715138,0.9190346991,-4.950804234,-2.921430588,7.731492996
0.6933318377,-0.5964893103,-0.7687935829,0.5955893275,-0.4555035802,0.4862833141,-0.3641692698,-0.5609967113,-0.7434133887,0.3293947919,-0.1406853411,0.1599126578,0.9198558331,-4.971805573,-2.521961451,8.499361992
0.7953346968,-0.03406274319,-0.07192772627,0.5152613312,-0.5074047139,0.5466054888,-0.4228218794,-0.4927622676,-0.7605307102,0.3029898552,-0.1671280396,0.1910739954,0.9185619614,-4.348978043,-1.210450888,7.670840263
0.7972859144,0.5307090878,1.155802131,0.4373568966,-0.530131603,0.5769998323,-0.458052516,-0.4235466421,-0.781534493,0.2734705541,-0.1855980071,0.2135552705,0.9193265701,-7.338374615,-1.316484213,4.3065238
0.616541028,1.884669065,3.770367622,0.3345873435,-0.5504619204,0.5467802984,-0.494073987,-0.3283794224,-0.8050203919,0.2266483412,-0.2147564442,0.2126348123,0.9259031304,-12.58590031,-4.631894112,1.993887663
0.5232925415,3.497013092,0.8785937428,0.2541973185,-0.577068743,0.514418211,-0.5280380845,-0.2514685988,-0.8111346364,0.1893194131,-0.2420554553,0.2070179095,0.9288224196,-1.949537039,-2.184259415,0.7339256406
-0.4845338464,4.368328571,0.2262443304,0.2898505085,-0.5701224112,0.5157805914,-0.5172209144,-0.2858089805,-0.8067191243,0.2049770351,-0.2337195809,0.2029133232,0.9285396436,5.876839638,2.480316162,-4.029697418
-0.3592421412,4.208378792,1.826408863,0.3654786071,-0.5367404541,0.5072931605,-0.4775651395,-0.3573963344,-0.8026203513,0.2350429081,-0.2084337857,0.191280276,0.9299044154,6.094227314,3.519824505,-4.858505726
0.2450435758,2.215413332,1.73009491,0.4423617481,-0.4937559003,0.4942733644,-0.428316921,-0.4280750751,-0.7957992554,0.2645922626,-0.1791404918,0.179449682,0.9304287177,5.989106178,3.934990406,-4.810076714
0.3165090084,1.060534954,0.9770858288,0.520856213,-0.4445935372,0.4752831304,-0.3730581105,-0.4976229966,-0.7830703259,0.2942507116,-0.1479235133,0.1667013378,0.9293793815,6.625956535,4.029822826,-5.321064949
0.3331280351,0.298864305,0.006049454212,0.6139695425,-0.395421935,0.4502123025,-0.3148480356,-0.5761165619,-0.7542946935,0.3306176164,-0.1163814853,0.1507700483,0.9243461627,8.788251877,2.872468472,-6.004333019
0.4926915169,-0.2246999145,-0.5925111771,0.7258733586,-0.3570602196,0.425033905,-0.2614140511,-0.6637889147,-0.7007474899,0.3765344833,-0.08858914717,0.1324196333,0.9126000582,9.791939735,1.84485805,-5.684880733
0.5585674644,0.0002756118774,-0.1811927557,0.8194564974,-0.3146074434,0.3935329474,-0.2112316638,-0.7307749391,-0.6491141915,0.4139408402,-0.06399907437,0.1159023655,0.9006241333,6.076881886,2.272064447,-4.637099266
0.4238896966,-0.1178841591,0.5412448645,0.8719967888,-0.2608521298,0.3529042417,-0.1659093648,-0.7656149864,-0.6215366125,0.4329210635,-0.0425563914,0.1036925884,0.8944362204,2.564231873,2.185847282,-3.414022446
0.4270602465,-1.329811692,0.2581438422,0.8910259692,-0.222897253,0.3206808959,-0.13895908,-0.7777171135,-0.6130632162,0.4387775006,-0.0307031498,0.09586515956,0.8929398378,0.6858984828,0.1804193109,-1.359960556
0.3641042411,-3.878658772,-0.5391055942,0.8974780966,-0.2267377002,0.3194681482,-0.1401815265,-0.7817567587,-0.6076228619,0.4417693708,-0.03206841144,0.09393567338,0.8916207955,-0.589419663,-0.6908210516,0.9316886067
0.3947485089,-4.289606094,-0.3124075532,0.8631490607,-0.2436686469,0.3329074299,-0.156833455,-0.7598933578,-0.6308449507,0.427752106,-0.04007079732,0.0992436778,0.8975372686,-5.03894043,-0.9813128114,2.095014811
0.6807525754,-2.495941639,-0.4253793955,0.8054538542,-0.27239081,0.3470568109,-0.1863830686,-0.721145153,-0.6672413945,0.4040347559,-0.05599292489,0.1049596102,0.9069753538,-5.378256321,-2.524176836,2.65909338
0.792458415,-1.093444586,-0.4081201553,0.746089393,-0.3137816679,0.3654146448,-0.2266625613,-0.6787722111,-0.6984929442,0.3804210122,-0.07767478866,0.1111208345,0.9148216843,-5.129543781,-3.095272779,3.218805075
0.5624255538,-0.3873717785,-0.2680621743,0.6869985054,-0.360561169,0.3863235309,-0.272767961,-0.634219408,-0.7234386206,0.3575731511,-0.102088807,0.1185552119,0.9206867826,-4.975472927,-3.458024025,3.605095863
0.3051694632,0.1464779973,0.0969632864,0.6268385358,-0.4094397121,0.4061597155,-0.3224119246,-0.5865872502,-0.7429441214,0.3346755136,-0.1285311021,0.1264653644,0.9249208683,-4.91673851,-3.856026649,3.745309353
0.1007237136,0.6863690615,0.7205682993,0.5629033211,-0.4574337182,0.4193683521,-0.3735050857,-0.5336437821,-0.7587609887,0.3099288534,-0.1567278292,0.1331591068,0.9282505944,-5.937283516,-4.16716814,3.506578684
-0.1344670653,1.331932425,1.234400034,0.4917923072,-0.4981771685,0.4172462964,-0.421197027,-0.472206533,-0.7743475437,0.2803194218,-0.185060149,0.1359750094,0.9320325551,-6.209573746,-4.006203651,2.569826841
-0.4685001075,1.858736992,0.2799552083,0.4489545799,-0.5249613532,0.4095968002,-0.45151335,-0.4340239465,-0.7795889378,0.2619260073,-0.2039614789,0.1349248296,0.9335897791,-1.646056414,-1.319583774,0.2121438384
-0.6437351704,1.751718163,0.09630537033,0.458570413,-0.5148093673,0.3995738179,-0.4415004551,-0.4426666796,-0.7804636955,0.2646217116,-0.1993577273,0.1301906929,0.934495713,1.944579244,1.998586297,-2.515822411
-0.4107665122,1.311019659,0.3604507446,0.495994009,-0.4816765558,0.383551954,-0.4074403048,-0.4759061038,-0.7794265747,0.278079206,-0.1815452057,0.1219648623,0.9353277305,3.141801834,2.922519445,-3.298440218
0.01319885254,0.7297946811,0.4864941835,0.5422325517,-0.4463042102,0.3701354112,-0.369720459,-0.5160495639,-0.7726575136,0.2959424569,-0.1615218648,0.1146406546,0.9344443819,4.075017929,2.695097446,-2.814701557
0.2314503193,0.2472906113,0.3650994897,0.5954411351,-0.4209758198,0.3671284563,-0.3383228779,-0.5608740449,-0.7556176782,0.3185084425,-0.1440261931,0.1103931747,0.9303882782,5.283613205,1.987022042,-2.102468729
0.3076551259,-0.03517341614,0.1804046035,0.6519638334,-0.4079553569,0.3726264493,-0.3153608441,-0.6067486405,-0.7296599746,0.3437196321,-0.1304869129,0.1080970416,0.9236584894,5.000192642,1.302133918,-1.672320127
0.3095956445,-0.1723290086,0.2441079617,0.6936289279,-0.3972833228,0.3726821757,-0.2975106835,-0.639331758,-0.7090432048,0.3618341331,-0.1206418633,0.1048930498,0.9184329311,2.53207922,0.7943370938,-1.596606135
0.2148544192,-0.5592395663,-0.02921617031,0.7134073706,-0.384808027,0.3615471522,-0.2838394046,-0.6544139981,-0.7008405924,0.3693741565,-0.1146404956,0.09968129642,0.9167791202,0.6850024462,0.2799627483,-1.374618053
0.06732431054,-1.159489155,-0.5712835789,0.7182616951,-0.3767060299,0.3512242203,-0.2769801021,-0.6580768228,-0.7001549602,0.3705608373,-0.1122817055,0.09587615465,0.9169979889,-0.4412970841,-0.01386516541,-0.3143106103
-0.06488144398,-1.569597721,-0.6174861193,0.7036245155,-0.3758345297,0.3480419205,-0.2798756361,-0.6469856501,-0.7092808485,0.3637844392,-0.1141072027,0.09627396617,0.9194411109,-2.487172365,-0.2332188189,0.8686162829
-0.07833212614,-1.714696169,-0.4666765928,0.6669033258,-0.3776408594,0.3461886317,-0.2897251546,-0.6185557842,-0.7303753495,0.3472320717,-0.1193406918,0.09933436866,0.9248354198,-4.34154892,-0.3524800241,1.504108191
0.1231000125,-1.453312635,-0.3810603619,0.6130985213,-0.3808277576,0.3431256305,-0.3039929867,-0.5754044056,-0.7592747211,0.322771658,-0.127204982,0.1035454502,0.9321564986,-5.66689682,-0.6979168057,1.998867869
0.3705963194,-1.035874963,-0.3323940039,0.5485879175,-0.3898164723,0.3407434957,-0.3242554069,-0.5214828849,-0.7892490625,0.2935012052,-0.1386813355,0.108419007,0.9396115738,-6.280552864,-1.372389317,2.431972504
0.5195295811,-0.7357069254,-0.2925557494,0.4791667229,-0.4062466618,0.3394849591,-0.3506606221,-0.4610399008,-0.8151560426,0.2621835958,-0.1538887681,0.1135476633,0.9458778708,-6.503610134,-1.991565466,2.68003726
0.5751324892,-0.5135247707,-0.1833064556,0.406714445,-0.4274326792,0.337049772,-0.3807202876,-0.3955939412,-0.8357975483,0.2294087989,-0.1716765038,0.1183076403,0.95073776,-6.880633831,-2.40901494,2.726179838
0.5731004477,-0.3464381993,-0.02964293957,0.3299894246,-0.4510539286,0.3304018248,-0.4123948812,-0.3240330219,-0.8514299989,0.1941832314,-0.1912533896,0.1218803325,0.9543900223,-7.43609333,-2.763751745,2.634255171
0.54198277,-0.2600579262,0.1052126288,0.2497162161,-0.4775677236,0.3185375443,-0.4453641474,-0.2471289933,-0.8605684042,0.156688388,-0.2125194905,0.1238146133,0.9565323521,-7.825760841,-3.192070007,2.488174677
0.4815201759,-0.2368888855,0.1267684102,0.1669155189,-0.5080749736,0.3007875994,-0.4797349274,-0.1661415249,-0.8615401387,0.117297412,-0.2355233666,0.1238008552,0.9567880322,-8.335343361,-3.570534706,2.246180773
0.3700603247,-0.2490037978,0.127364397,0.08120935551,-0.5416233845,0.2752093039,-0.5138286948,-0.08112012595,-0.8540489674,0.07540912616,-0.2594011984,0.1213058663,0.9551489614,-8.90054512,-3.691201687,1.918759823
0.2569841743,-0.2572253942,0.1216056347,-0.005867392455,-0.5770118856,0.2411818492,-0.5455126762,0.005867358763,-0.8380820751,0.03143528668,-0.2827910676,0.1161550417,0.9516035005,-9.381097794,-3.577591658,1.531095147
0.1722109318,-0.2386890054,0.1757567525,-0.09420546142,-0.6141580884,0.1967774105,-0.5737154484,0.09406618029,-0.8136351705,-0.01500601679,-0.3048888945,0.107694943,0.9461604304,-10.11854458,-3.365520954,1.016705871
0.1358133554,-0.2197634578,0.2509007454,-0.1847562671,-0.6552198421,0.1383552714,-0.5989633799,0.1837069541,-0.7794194221,-0.06498421117,-0.3256797915,0.09477934565,0.938470414,-11.23639107,-3.19975543,0.3938017786
0.1396910548,-0.2487571836,0.2645097375,-0.2772909233,-0.7047409415,0.0617453731,-0.6230895519,0.2737510502,-0.7326799035,-0.1190974212,-0.3456527972,0.0763671076,0.9276357705,-12.34233093,-3.154737234,-0.3611316383
0.1794866323,-0.3316491246,0.3817038536,-0.3684804976,-0.7670708893,-0.03555849889,-0.6474432349,0.3601983488,-0.6716207862,-0.1764029846,-0.3647897784,0.05233507895,0.9127275777,-13.37440205,-3.097443342,-1.036564112
0.2304160595,-0.449437201,0.4896088839,-0.4547573674,-0.845804771,-0.1534212727,-0.6724327207,0.4392443597,-0.5957337618,-0.2356026918,-0.3829157708,0.0241589114,0.892907237,-13.85601997,-3.160924673,-1.411772251
0.2503905296,-0.5863137245,0.779940486,-0.5302127095,-0.9409893548,-0.287182482,-0.6971831322,0.5057168603,-0.5081204176,-0.2937433289,-0.3995680802,-0.005539128739,0.8683488694,-13.73347378,-3.135859013,-1.58665669
0.1681420207,-0.6492026448,1.239686966,-0.5902840834,-1.047917719,-0.4310210306,-0.7197777629,0.556597054,-0.414873004,-0.3483909991,-0.413747756,-0.03498950448,0.8403642982,-12.89836693,-2.840760231,-1.559813619
0.01661741734,-0.6851112843,1.594519615,-0.6334840178,-1.152174555,-0.5701096245,-0.7363744974,0.591956377,-0.3276281059,-0.396228394,-0.4233072301,-0.06126532303,0.8124411034,-10.99607372,-1.882110596,-0.9956608415
-0.2012523413,-0.6818324924,1.347130179,-0.6630040496,-1.23111983,-0.6837763127,-0.7431141138,0.6154872775,-0.2625963986,-0.4333938014,-0.4252900263,-0.08177401743,0.7903234928,-7.736998081,-0.145892337,-0.164617911
-0.3970904946,-0.5079730153,0.6410307884,-0.6867482687,-1.268736486,-0.7544603573,-0.7383008003,0.6340259314,-0.2300505638,-0.4576640917,-0.4189490405,-0.09386226095,0.7785982751,-4.219192505,1.413885117,1.269438386
-0.3482388258,-0.2710792422,0.1846238077,-0.7146143685,-1.265133755,-0.7829221413,-0.7203342319,0.6553261876,-0.2273026407,-0.4720671562,-0.4043529181,-0.09714421718,0.7773123655,-1.721546888,2.902438164,2.670722246
-0.1603691578,-0.1857655644,0.1297234595,-0.7462830844,-1.230290827,-0.7833418585,-0.6920632124,0.6789144278,-0.2452019602,-0.480303402,-0.3830243616,-0.09586610039,0.7832055036,-0.4705884755,4.024653912,3.177393436
0.02895528078,-0.2063214779,0.3140442073,-0.7786780785,-1.178456644,-0.772454673,-0.6577548385,0.7023390532,-0.2721740603,-0.4859937505,-0.3573836167,-0.09433610449,0.7919519426,-0.5525146127,4.627464294,3.459357738
0.1672256589,-0.221244514,0.6731427908,-0.8183710968,-1.123526404,-0.7620644237,-0.6161850095,0.7300335765,-0.2955792546,-0.494307357,-0.3284366122,-0.09201181878,0.799577102,-1.346040487,4.84044075,4.414664745
0.2313156724,-0.3362011909,0.9349517822,-0.8704788435,-1.062730917,-0.7488267192,-0.563057065,0.7646376491,-0.3135223091,-0.5063502642,-0.2947002789,-0.08706061078,0.8057181467,-1.804891467,5.26833868,5.559793949
0.1976905167,-0.4663794041,0.8106212616,-0.930911266,-0.9871034956,-0.7238679068,-0.4982428849,0.8021643758,-0.3290691376,-0.5195607762,-0.2559727277,-0.07979251171,0.8112754524,-1.687467933,5.926683426,6.214527607
0.183404237,-0.4755461216,0.5831397772,-0.9899052694,-0.8857205278,-0.6790819296,-0.4249508679,0.835973978,-0.3472235799,-0.5302596991,-0.2126331695,-0.07288640192,0.817495778,-1.133368134,6.904172897,6.143792152
0.1895609796,-0.3433727026,0.5023410916,-1.040173439,-0.7576066648,-0.6164066316,-0.3477641344,0.8624920249,-0.3676517308,-0.537316182,-0.1657270564,-0.0694570265,0.8240155978,-0.8835981488,7.921521187,5.603137016
0.2232737839,-0.08999109268,0.5370738506,-1.080896605,-0.6134411472,-0.545098141,-0.2708812356,0.8823800683,-0.3847453296,-0.5420945029,-0.1173068072,-0.07043268672,0.8291031455,-0.9790338874,8.239752769,4.883831978
0.3338069618,0.2001206279,0.4764063358,-1.113180817,-0.4606200546,-0.4658782152,-0.1963863522,0.8971085548,-0.3957636654,-0.5451954083,-0.06985795976,-0.07347913308,0.8321555262,-0.7566413283,8.025471687,4.673005104
0.5071445704,0.4589218497,0.3754771352,-1.135306553,-0.2962567633,-0.3676379597,-0.1231571361,0.906663537,-0.4034770131,-0.545554072,-0.02514465612,-0.07441646987,0.8343864868,-0.1869416535,7.057561398,4.83708334
0.606007278,0.6584374309,0.3429564536,-1.144902102,-0.1226065873,-0.2504235042,-0.05052630976,0.9106696844,-0.4100340605,-0.5428748454,0.01642764015,-0.07185095516,0.8365730938,0.2976266444,6.154718876,4.983557701
0.4887607992,0.7359764576,0.5116078854,-1.143405185,0.04188931913,-0.1328451812,0.01735797338,0.9100502133,-0.4141346812,-0.5385839787,0.05347852391,-0.06711340406,0.8381905108,0.3845420778,5.290287971,4.63823843
0.3030010462,0.6899244785,0.5051042438,-1.133790258,0.1907782013,-0.02708377155,0.0802539736,0.9060228467,-0.4155503809,-0.5334370142,0.08757717088,-0.06251432996,0.8389680127,0.5226365924,5.135433197,4.283165455
0.09169277549,0.5950496197,0.4651375711,-1.117862976,0.322072697,0.0621380992,0.1385165751,0.8991672993,-0.4151039422,-0.5273898971,0.1196157164,-0.05898876953,0.8390901691,0.5840313435,4.897903442,3.942776918
-0.010096699,0.5294371247,0.4310585856,-1.09804081,0.4419687169,0.1379182954,0.1947585791,0.8903169632,-0.4115883112,-0.5208348956,0.151449189,-0.05676420594,0.838195742,0.4966562092,5.363232136,3.722803116
-0.08040192723,0.4557401538,0.3449134231,-1.076599606,0.5505400498,0.1984124269,0.2481418252,0.8803499937,-0.4042395055,-0.5140633449,0.1833551811,-0.056828408,0.835996625,0.6189978719,5.517098427,3.179145575
-0.01147633791,0.4756441712,0.2895229459,-1.055136263,0.644169064,0.2408504868,0.2961290479,0.869967401,-0.3942897916,-0.5069446221,0.2141547482,-0.05974246525,0.8328120334,0.6448606253,5.634353161,2.621592283
0.1129360497,0.5314050913,0.2815083861,-1.035295899,0.7239061501,0.2693168217,0.3379611969,0.8600133657,-0.3823079169,-0.4998966648,0.2427949152,-0.06453247516,0.8288483676,0.737837553,5.118700981,2.073404312
0.2970537841,0.53912884,0.1399712265,-1.016769435,0.7856265238,0.284242896,0.3721051514,0.850412786,-0.3719352484,-0.49252127,0.267311002,-0.07014403105,0.8252560017,0.8604841232,4.581727982,1.543974042
0.3339637518,0.5452001691,0.04006752372,-1.002181652,0.8335169844,0.2891338508,0.3986259997,0.8426477313,-0.3619974256,-0.4858297113,0.2880464948,-0.07689212528,0.8216363675,0.8018779755,4.121496201,0.9098539352
0.3141438365,0.5349063873,-0.1252008975,-0.9926911866,0.8701564921,0.2856253822,0.4177134633,0.8374995589,-0.3522923291,-0.4802028837,0.3053834058,-0.0851792578,0.8178573465,0.7524936795,3.739819288,0.2698300481
0.3488432169,0.554772675,-0.2638410032,-0.9886558719,0.8972788534,0.275547607,0.4297517538,0.8352876902,-0.3429399729,-0.4758758319,0.3194874216,-0.09490067445,0.8139187984,0.6307124496,3.291577101,-0.3221669197
0.4100866616,0.5439061522,-0.3665502071,-0.9895488269,0.9153763828,0.2607025542,0.4352960587,0.8357783556,-0.3346521556,-0.4728959131,0.3302171686,-0.1054164802,0.8100700967,0.5881937146,2.754547596,-0.8110340834
0.4074688256,0.5421292186,-0.5075930357,-0.9943309532,0.9240862441,0.2406713612,0.4349994361,0.8383944631,-0.3284359574,-0.4708740727,0.3377271589,-0.116621232,0.8066086136,0.6049177647,2.306806803,-1.231718779
0.3708410859,0.5970262885,-0.6376471519,-1.002253109,0.9241667254,0.215380346,0.4297112823,0.8426862359,-0.3243889511,-0.4695648653,0.342511836,-0.1285542585,0.8035348826,0.6623224616,1.91992414,-1.646134377
0.396635294,0.5852819681,-0.7263255119,-1.012299179,0.9138545913,0.1830768726,0.4196184278,0.8480524421,-0.3236164749,-0.4685288685,0.3444886873,-0.1412529018,0.8011591657,0.870911777,1.439519882,-2.000341654
0.4518391788,0.5831493139,-0.7473862171,-1.02350784,0.8911948276,0.1426525944,0.4047587514,0.8539386392,-0.3270460665,-0.4675457001,0.3433336247,-0.154457294,0.7997912227,1.08795011,0.8783912659,-2.327816725
0.4937505126,0.5848594308,-0.7582234144,-1.034692886,0.8558288294,0.09443992398,0.3857051134,0.8597055078,-0.3348704278,-0.4665040688,0.3390261638,-0.1676810958,0.7995739147,1.291119218,0.3085731566,-2.512799978
0.492636323,0.5374042988,-0.8108481169,-1.04557756,0.8072485928,0.03679086332,0.3622068763,0.8652142882,-0.3467141688,-0.4653582702,0.3317899788,-0.181411346,0.800279469,1.569214225,-0.1094104871,-2.965215445
0.5501958132,0.4528557062,-0.7819850445,-1.055212546,0.7430525859,-0.032639651,0.3335627615,0.8700050712,-0.3630801737,-0.4639359134,0.3212839649,-0.1958910888,0.8019768343,1.891553879,-0.6642711759,-3.285824299
0.6215247512,0.4565868378,-0.7490952015,-1.061326218,0.6611796626,-0.1156694264,0.2994804978,0.8730030656,-0.384937942,-0.4617175488,0.3071610878,-0.2111610717,0.8049099917,2.425642014,-1.221071362,-3.633362532
0.6630678177,0.5833516121,-0.7155894637,-1.060586863,0.5624905364,-0.211236763,0.2604399621,0.8726422191,-0.4131184518,-0.457965098,0.289324645,-0.2269699706,0.8093479436,3.029931307,-1.796377659,-3.849428177
0.7194969058,0.6223379374,-0.6594077349,-1.049969874,0.4505650655,-0.3157838617,0.2166908681,0.867408216,-0.4479377568,-0.4520644396,0.2677103987,-0.2431899165,0.815369704,3.794130802,-2.356917143,-4.079739094
0.7900237441,0.6156517267,-0.5481874943,-1.027595372,0.3299474124,-0.4244321015,0.1674652994,0.856058538,-0.4889981449,-0.44381464,0.2419286888,-0.2598455882,0.8227875933,4.472990513,-2.988043308,-4.346199989
0.8621966839,0.654275775,-0.3680087328,-0.9926078051,0.2068861809,-0.5303254614,0.1122600958,0.837454021,-0.534853816,-0.4332839275,0.2117501676,-0.276666848,0.8311934298,5.164778233,-3.616967201,-4.594664574
0.923835814,0.6086870432,-0.1692450047,-0.9449573452,0.08788435433,-0.6273802283,0.05141443387,0.810471952,-0.5835167766,-0.420399042,0.1775000025,-0.2935152991,0.8400043115,5.766225338,-4.10242939,-4.804216862
0.9917200208,0.4979755282,0.01371467113,-0.886287382,-0.02211592524,-0.7115977574,-0.0139825996,0.7747296095,-0.632138133,-0.4053815559,0.1399883276,-0.3102289225,0.8484263343,6.182159901,-4.461886883,-4.998581886
1.09879303,0.3272289038,0.1816036701,-0.8191584067,-0.1222136872,-0.7823059161,-0.08324435353,0.7305713892,-0.6777431369,-0.388815503,0.09975439852,-0.3265854546,0.8556947213,6.409689903,-4.83951664,-5.17672205
1.230695605,0.1807447672,0.3304269314,-0.7462701628,-0.2139783201,-0.8404818088,-0.1559123248,0.6789049506,-0.7174813151,-0.37148388,0.05708815864,-0.3421945487,0.8611873431,6.455817699,-5.234479427,-5.326079369
1.342267036,0.06074804068,0.4457573295,-0.6701534288,-0.2996783952,-0.888387751,-0.2313661873,0.621106267,-0.7487968802,-0.3541849344,0.01243352407,-0.3569579712,0.8642797731,6.314586639,-5.589668751,-5.510565758
1.415415287,-0.0484700799,0.5698801875,-0.5922762534,-0.3810389354,-0.9280870874,-0.3085426986,0.5582510233,-0.7701670527,-0.33731186,-0.03372210106,-0.3709203618,0.8645818728,6.136097908,-5.915700912,-5.653197765
1.421768904,-0.175169915,0.7398712635,-0.5135659105,-0.4593298989,-0.9602653964,-0.3861549199,0.4912862778,-0.7807190418,-0.3210439067,-0.08106342697,-0.3837421564,0.8620334514,5.893161297,-6.275240898,-5.688100815
1.355894089,-0.3752342761,0.895082891,-0.4365115083,-0.5358222571,-0.9863132002,-0.4626751542,0.4227806628,-0.779222846,-0.3062689985,-0.128793967,-0.3952014676,0.8564036732,5.335943699,-6.547271252,-5.673381805
1.261571884,-0.6729981303,1.025633812,-0.3632295571,-0.6116436338,-1.008454227,-0.5367488861,0.3552949131,-0.7652882934,-0.29386932,-0.176058736,-0.4055240833,0.8474634886,4.704374313,-6.837328911,-5.625482082
1.134291172,-0.9790402651,1.104902029,-0.2948158885,-0.6889175406,-1.028676696,-0.6082750559,0.2905636728,-0.7386299968,-0.2846870212,-0.2227965579,-0.4148579109,0.834989797,3.764855385,-7.249639034,-5.660610199
0.9468001723,-1.247054696,1.193575382,-0.2320102611,-0.7698245621,-1.050975135,-0.6773605347,0.2299343795,-0.6987939477,-0.2798892722,-0.2688215624,-0.4242099716,0.8181949174,2.69158721,-7.720227242,-5.843835354
0.7194729447,-1.351871848,1.206525803,-0.1730467274,-0.8555287244,-1.07613202,-0.7436428666,0.172184363,-0.6460246444,-0.2793180019,-0.3145936076,-0.433772396,0.7967771682,1.837673664,-8.340623856,-6.010098457
0.5221833587,-1.191277266,1.166556716,-0.1163288719,-0.9473927127,-1.101898602,-0.8064088821,0.1160666794,-0.5798562765,-0.2824799978,-0.3609389438,-0.4424709344,0.7708097351,1.181975484,-9.249147415,-5.94735527
0.3720625043,-0.9459096193,1.102040052,-0.06312375394,-1.046057587,-1.126575365,-0.8637312055,0.06308183819,-0.499989152,-0.2897021918,-0.4075267678,-0.4490248297,0.7405210054,0.462472409,-9.792000771,-5.484931469
0.2831413746,-0.771348536,0.9899217486,-0.01761104077,-1.146217687,-1.149091011,-0.9110711217,0.01761013083,-0.4118730128,-0.3008849417,-0.4511449313,-0.4525941878,0.7078806862,-0.3093184233,-9.985565186,-4.588111401
0.1986941099,-0.5369746685,0.8665398359,0.01873628598,-1.24748678,-1.172044081,-0.9480227232,-0.01873518899,-0.3176506162,-0.3166754651,-0.4908068297,-0.4534493697,0.673207988,-1.27439177,-10.09850025,-3.854004145
0.2233561277,-0.2030666023,0.6661164165,0.05391752256,-1.342842703,-1.204553871,-0.9727153182,-0.05389140174,-0.2256561667,-0.3349127549,-0.5244095395,-0.457207648,0.6354441504,-2.884339333,-9.362495422,-4.666602612
0.2089673877,0.03822445124,0.481841445,0.1007728746,-1.437820611,-1.243060448,-0.9861434698,-0.1006024033,-0.1319115609,-0.3521694103,-0.5567952283,-0.4645891781,0.5917033999,-2.790212631,-9.98613739,-5.870760441
-0.1156329513,-0.1552299857,0.1277916431,0.1620988549,-1.524937729,-1.270704188,-0.9858533144,-0.1613899022,-0.04524156824,-0.3614420968,-0.5888453328,-0.4727505551,0.5469257987,-1.366115928,-7.444081306,-6.632790089
-0.6447715759,-0.5592651963,-0.298946619,0.2254461039,-1.577242598,-1.27245965,-0.9746742845,-0.2235412002,0.006283101626,-0.3550469737,-0.6140710035,-0.4803074998,0.5159100691,1.390555859,-3.433523893,-5.45223856
-0.8644196391,-0.7905836105,-0.2158360481,0.2625632799,-1.610766485,-1.243112452,-0.9649567008,-0.2595568299,0.03859002516,-0.3425488061,-0.6339994703,-0.4767075134,0.5034432804,3.838978529,-2.186696529,-2.032366753
-0.3801440001,-0.6460735798,-0.0215690136,0.268455282,-1.644968664,-1.196900553,-0.9615308642,-0.265242368,0.07145006955,-0.3339098196,-0.651328847,-0.4608937195,0.5018486509,5.003024578,-2.098382711,0.1565470695
0.1015454531,-0.6233438253,0.08919727802,0.2570092231,-1.678689361,-1.137353283,-0.9615308642,-0.2541891634,0.1041469201,-0.325336461,-0.6680042268,-0.4370980626,0.5068253894,6.589624405,-1.558064461,0.9996679425
0.3518339992,-0.672082603,0.2314771563,0.2348870329,-1.710462654,-1.064891984,-0.9630707502,-0.2327331156,0.1353900433,-0.3142601716,-0.684788701,-0.4069331061,0.5164403472,7.699035168,-1.249915123,1.652464628
0.3826588392,-0.7698962092,0.4123706818,0.2022438696,-1.73762571,-0.9867580417,-0.9660177231,-0.2008679658,0.1626721174,-0.3023672323,-0.6999357921,-0.3721485865,0.5293104324,8.225886345,-0.7569400668,2.46591568
0.2217136621,-0.937502861,0.4901487827,0.1584195843,-1.75561476,-0.9068577919,-0.9706609845,-0.157757774,0.1814669371,-0.2905115959,-0.711573244,-0.333690665,0.5458180047,8.637863159,0.08732009679,3.372131348
0.03838735819,-0.9728658795,0.4368636608,0.1045185565,-1.759955753,-0.8273021753,-0.9768030047,-0.1043283641,0.1870072931,-0.2788981346,-0.7181361113,-0.2926270999,0.5664502041,8.727841377,1.122076035,4.217799664
-0.01550245285,-0.8335416317,0.4356933832,0.0426156601,-1.74965038,-0.7485745959,-0.9831547141,-0.04260276258,0.1777404845,-0.2678019978,-0.7191330432,-0.2495692777,0.5906308929,8.818936348,2.101511478,4.999133587
0.05026000738,-0.6457773447,0.421577096,-0.02357185311,-1.72295263,-0.6700246526,-0.9881719947,0.02356966957,0.1515277773,-0.2567126289,-0.7140465757,-0.2056801334,0.6180063318,8.74280262,3.314412355,5.337237358
0.1666892171,-0.5126473904,0.4166219234,-0.08873730678,-1.680721546,-0.5891750347,-0.9900535345,0.08862089366,0.1092723384,-0.2443785758,-0.7035021542,-0.1619105365,0.6474170587,8.815016747,4.176815987,5.375932217
0.290096283,-0.4185393453,0.3868494034,-0.1495342189,-1.624637037,-0.504588177,-0.9874076247,0.1489775628,0.05321415514,-0.230445014,-0.6881149424,-0.1187122999,0.6777169418,8.77970314,4.939428806,5.284172535
0.3565911651,-0.3297323883,0.3110648394,-0.2030735005,-1.556277208,-0.4161750726,-0.9793481231,0.2016806155,-0.01422027126,-0.2149044103,-0.6683606501,-0.07676242549,0.707967304,8.683598518,5.553036213,5.00030756
0.3866645694,-0.2556585073,0.2483981252,-0.2465206669,-1.477022774,-0.3260144182,-0.9655068517,0.2440312952,-0.09080532938,-0.198131924,-0.6444696092,-0.03742539531,0.7375650357,8.281558037,6.183294773,4.539162159
0.4009534717,-0.1747332215,0.09361082315,-0.2780170745,-1.388464996,-0.237500501,-0.9456617832,0.2744494081,-0.1743602604,-0.1808069211,-0.6165458055,-0.002145690002,0.7662738678,7.578407764,6.895691395,4.027820587
0.4873160124,-0.0489987433,-0.0223107338,-0.2993606801,-1.29307053,-0.1573368463,-0.9189109206,0.2949093878,-0.2619757056,-0.1654710679,-0.5844924954,0.02753181356,0.7938702131,6.20911026,7.517493725,3.580738306
0.6023639441,0.09245961905,0.04287961125,-0.3152155658,-1.196075575,-0.09335742766,-0.8847583532,0.3100214303,-0.3479790986,-0.1555197799,-0.5493851612,0.0501881825,0.8194331868,4.26177597,7.898911953,3.354044199
0.6613211632,0.3595862389,0.001395404339,-0.330575445,-1.102729443,-0.04142282153,-0.8441214561,0.3245873749,-0.4267340899,-0.1508245767,-0.51369728,0.06877329388,0.8418059829,3.848139048,7.076459885,3.436666489
0.5198088288,0.7480392456,-0.4097119868,-0.3344875884,-1.027589821,0.02277122891,-0.8086119294,0.3282851875,-0.4882372022,-0.1394451169,-0.4862473236,0.0915869924,0.8577472821,6.465069294,3.502876282,2.990399361
0.3580676913,1.029959083,-0.1083410382,-0.3136917867,-0.9728915084,0.1027413071,-0.7861835361,0.3085723519,-0.5354424119,-0.1141919365,-0.4682296496,0.1177613027,0.8682473606,8.415184975,2.720986128,1.623490572
0.1933434606,1.249591351,0.457562387,-0.268896205,-0.9136281885,0.1868069656,-0.7632744908,0.2656674683,-0.5889252424,-0.07900624006,-0.4464251243,0.1418165021,0.879972073,9.551449776,4.261446953,0.5556235313
-0.06327646971,1.423279166,0.04099297523,-0.205436366,-0.8452312982,0.2656307416,-0.7323931456,0.2039943635,-0.6496050358,-0.03866513619,-0.4167763029,0.161822929,0.8936532,10.29007339,5.695469379,-0.6275959015
-0.2228392959,0.955334723,0.220282197,-0.1214713548,-0.7709909336,0.3358504302,-0.691711545,0.1211728528,-0.7119356394,0.00727803526,-0.3794459282,0.1770883607,0.9080791312,11.14779568,6.661529541,-1.881712794
-0.1911441684,0.4692805409,0.1764853001,-0.02019227386,-0.6971366964,0.3967365086,-0.6418942213,0.02019090205,-0.7665273547,0.05800353637,-0.3367074454,0.1885898219,0.9207050057,11.84033775,7.104979992,-2.534003019
-0.0534337163,0.1698640734,0.1056771874,0.09036668363,-0.6271118047,0.4496119418,-0.5844142437,-0.09024374187,-0.8064218163,0.1105716627,-0.2907971823,0.1982507836,0.9294663577,11.89225674,7.091955185,-2.668562412
0.09535449743,0.0875095129,0.04844939709,0.2047981247,-0.5636615133,0.4941381207,-0.5231194496,-0.2033695132,-0.827639401,0.1628660408,-0.2442436322,0.2061183605,0.9334533466,11.8015871,6.835649014,-2.869557381
0.2041710019,0.09802436829,-0.1043992639,0.3194003704,-0.505980102,0.5277924221,-0.460152477,-0.3139973283,-0.8304609656,0.2130887192,-0.1984004215,0.2109018745,0.9331403314,10.96017265,6.224072456,-3.177635908
0.2818286419,0.09833538532,0.01360970736,0.4244081077,-0.4578061547,0.5476011675,-0.4027698338,-0.41178146,-0.8174427152,0.2574588746,-0.1580935863,0.2114221618,0.9295279666,9.155970573,4.668084145,-3.207958221
0.3603391647,0.008820474148,0.181086421,0.5121846311,-0.4234035837,0.5557376757,-0.3581418991,-0.490082711,-0.7947033048,0.2939067083,-0.1275429037,0.2082533924,0.9241115883,7.311837196,2.968274593,-2.908680439
0.3540353179,-0.1571640968,0.1966713667,0.5833383123,-0.3980867493,0.5556714562,-0.3235482574,-0.5508132577,-0.7693642378,0.3230067635,-0.1048070622,0.2028269833,0.9184461736,5.63519907,2.134839535,-2.822932243
0.1712477803,-0.2242490053,0.1749953032,0.6382285144,-0.3716740268,0.5436411839,-0.2916854322,-0.5957735777,-0.748313725,0.3441067282,-0.08621880658,0.1947028471,0.9144658425,3.749150515,1.789830565,-3.116500378
-0.0005579590797,-0.1594141722,0.1139348745,0.6774135187,-0.3386662333,0.5184519689,-0.2588719726,-0.6267797351,-0.7349370122,0.3573167156,-0.06968676703,0.1841865224,0.9129862161,2.296237946,1.729659438,-3.281205416
-0.04021888971,-0.01897007227,-0.0235042572,0.7060670476,-0.3003216465,0.4859934712,-0.2251009345,-0.6488461494,-0.7268619537,0.3655869549,-0.05399270592,0.1730297304,0.9129576617,1.639088869,1.794644237,-3.221547365
0.01438097656,0.1276934147,-0.1493807435,0.7302979783,-0.258370481,0.450560053,-0.1903453469,-0.6670916677,-0.7202481031,0.3720449061,-0.03819065355,0.1620734432,0.9131572849,1.617258549,1.916549087,-3.221550465
0.09048627317,0.1495519876,-0.2270163894,0.755669972,-0.2136672147,0.4133192522,-0.1543290615,-0.6857764125,-0.7112617493,0.3793371967,-0.02173499363,0.1511313766,0.9125734589,2.054221869,1.945575118,-3.26318121
0.1431317925,0.1042554379,-0.2350456119,0.7846331899,-0.1677954975,0.3747385013,-0.1181836575,-0.7065656781,-0.6977088451,0.3887408726,-0.005109563256,0.1400390877,0.9106281119,2.561628819,1.822579026,-3.218061686
0.1585313082,0.03559237719,-0.2287209034,0.8172800122,-0.1226193012,0.3357084845,-0.08368695527,-0.7292875051,-0.6790701747,0.4004344189,0.01082526763,0.1290184569,0.9071325305,3.07723856,1.590816617,-3.048472404
0.147115469,-0.01496767998,-0.2187578678,0.8527363036,-0.07894409685,0.2966350179,-0.05188535899,-0.7530835271,-0.6558758616,0.4140170933,0.02553247905,0.1182989277,0.9021880822,3.378249645,1.343720198,-2.857056618
0.1216907203,-0.02319675684,-0.1676458716,0.8880290641,-0.03565791803,0.2563608524,-0.02249332517,-0.7758297324,-0.6305413246,0.4280343039,0.03893560983,0.1078207602,0.8964626984,3.283466101,1.145789504,-2.699200392
0.1111783087,-0.02620798349,-0.08440881968,0.9194936664,0.007924117944,0.2141811779,0.004803732038,-0.7952947617,-0.6062039137,0.440796283,0.05095752131,0.09753470518,0.8908361386,2.875148296,0.9312658906,-2.585527897
0.116071105,-0.05477100611,-0.04872429371,0.9448907016,0.05167720718,0.1698289825,0.03026066348,-0.8104329109,-0.5850494504,0.4513229502,0.06150505588,0.08721132904,0.8859565334,2.317887545,0.6807140708,-2.517735243
0.1430618763,-0.07998120785,-0.05193084478,0.9632752713,0.09466903082,0.1242232854,0.0539596118,-0.8210656047,-0.5682778358,0.4592170704,0.07057442979,0.07682502213,0.8821773977,1.731204271,0.4745218754,-2.446448803
0.1770042181,-0.09358209372,-0.1050665379,0.9754824503,0.1361695017,0.07848727984,0.07612384856,-0.8279725313,-0.5555779338,0.4648279711,0.07839638111,0.06643584132,0.8794176763,1.314282894,0.2915179729,-2.38821888
0.1993729919,-0.09872335196,-0.1503987312,0.9836144447,0.1762688802,0.03287384609,0.09715104848,-0.8325052857,-0.545432508,0.4690480812,0.08530917613,0.05599129964,0.8772577462,1.101926804,0.1647434533,-2.353989363
0.1972913742,-0.071582973,-0.1509410739,0.9893868778,0.2153811155,-0.01266353161,0.1173753887,-0.8356894255,-0.5365130305,0.4726010621,0.09160636557,0.04548722537,0.8753213177,1.029652596,0.0651929006,-2.316884518
0.1736477762,-0.02622175217,-0.1418047547,0.9944015193,0.2534165534,-0.05791450117,0.136639744,-0.8384329677,-0.5275983214,0.4761607201,0.09732323224,0.03500521858,0.8732548322,1.10778451,-0.0239870958,-2.231935024
0.143289268,0.003282785416,-0.114975512,0.9998164883,0.2902400471,-0.1025522296,0.154669106,-0.8413718343,-0.5178521872,0.4801878711,0.1024378829,0.02471881364,0.8708128458,1.238815546,-0.1036102846,-2.106572866
0.1196084917,0.004926264286,-0.08494210243,1.006078349,0.3256346421,-0.1461774678,0.1712087989,-0.8447395563,-0.5070530176,0.4848151293,0.1069007377,0.01480619524,0.8679328763,1.364892006,-0.1623455584,-1.953773737
0.1158954203,-0.03003627062,-0.06408083439,1.013151545,0.3592136018,-0.188223984,0.1860302687,-0.848503828,-0.4954131544,0.4899478669,0.11065489,0.00544200167,0.8646832738,1.461661339,-0.2368208468,-1.756204247
0.1308490336,-0.1282141209,-0.05080789328,1.02100995,0.3898712358,-0.2277978921,0.1985882372,-0.8526361585,-0.4832954705,0.495465408,0.1134296871,-0.003250114187,0.8611837132,1.508656859,-0.3566524386,-1.516658068
0.1461607218,-0.2379039526,-0.04259371758,1.028927467,0.4163786404,-0.2637794289,0.20859088,-0.856746316,-0.4716732502,0.5009241579,0.1150580872,-0.01119121448,0.8577362479,1.386507154,-0.4863622487,-1.281174898
0.1512904763,-0.3249598742,-0.01782095432,1.035493117,0.4374508863,-0.294979655,0.2160953879,-0.8601139784,-0.4620679319,0.5055943151,0.1155007774,-0.01842753144,0.8548066736,1.116401315,-0.638571918,-1.072973132
0.1527866423,-0.3790060282,0.005127310753,1.03996802,0.451973242,-0.3200818115,0.221099481,-0.8623880148,-0.4554140866,0.5090321668,0.1148007078,-0.02487025595,0.8526949182,0.7851471901,-0.7694857121,-0.8310911059
0.1530334055,-0.4153189063,0.01531296968,1.042390365,0.4589381689,-0.3379188374,0.2233399451,-0.8636118174,-0.4519889653,0.5111313268,0.1129171745,-0.03036331954,0.8515119778,0.4464070499,-0.8929995894,-0.5681603551
0.1553505659,-0.4301245213,0.01783579588,1.042895987,0.4584592036,-0.3483662526,0.2229300886,-0.8638666272,-0.4517041147,0.5119112109,0.1099765763,-0.03486314562,0.8512558979,0.1210316196,-0.9846224189,-0.3258931339
0.1545843929,-0.4267659783,0.03437259793,1.04177939,0.4513656838,-0.3520063788,0.220140934,-0.8633036017,-0.4541417956,0.5115244553,0.1061689013,-0.03838263134,0.8518201813,-0.1451227814,-1.039890885,-0.1065858752
0.1527987719,-0.4002495408,0.04433012009,1.039238697,0.4389698953,-0.3499344976,0.2154263407,-0.8620185852,-0.4588198364,0.5101363668,0.1017396909,-0.04101278919,0.8530697906,-0.3787379265,-1.062420487,0.07153432816
0.1575869024,-0.3677744865,0.04998004436,1.035705592,0.4223549734,-0.3431525732,0.2090207636,-0.8602223396,-0.4651105702,0.508007543,0.0968145015,-0.04281655685,0.8548228317,-0.5310309529,-1.074952364,0.2554302812
0.162091434,-0.3363655806,0.06422024965,1.031483445,0.4020007196,-0.3321472365,0.2009303719,-0.8580617309,-0.4726065695,0.5053137558,0.09140418272,-0.04380495878,0.8569622874,-0.6834407449,-1.086663008,0.4286704957
0.1699399352,-0.30425632,0.08139163256,1.026286294,0.3784765849,-0.3174354054,0.1914034635,-0.8553811908,-0.4813397229,0.5019957363,0.0856178946,-0.04405153947,0.8594937507,-0.841994524,-1.079378009,0.5687720776
0.1775225103,-0.2735322118,0.112544179,1.019738931,0.3524434648,-0.2996649355,0.1807386279,-0.8519713879,-0.4914046228,0.4979617558,0.07957248819,-0.04366426484,0.862436017,-1.022450328,-1.074217796,0.6694787145
0.1851343513,-0.2361039519,0.1332135201,1.011571989,0.3249414243,-0.279969367,0.169373095,-0.8476668596,-0.5027660728,0.4931815439,0.07340940273,-0.04284696839,0.8657639648,-1.195395947,-1.058380485,0.72648561
0.1825612485,-0.1916639805,0.1567598581,1.001709996,0.2968418091,-0.2592681874,0.1576182097,-0.8423936963,-0.5152955651,0.4876799747,0.06723436126,-0.04173562504,0.8694285691,-1.317095518,-1.054955125,0.7628398538
0.1737164855,-0.1498734951,0.1623700857,0.99128315,0.2687770819,-0.2386455364,0.1454210877,-0.8367293477,-0.5279554129,0.4819867306,0.06091876338,-0.04050150421,0.8731194152,-1.284417868,-1.079546928,0.7942396998
0.155685395,-0.095744133,0.1628057361,0.9809825262,0.2412817492,-0.2186513647,0.1329040974,-0.8310442567,-0.5400944948,0.4764264514,0.05450298791,-0.03919204333,0.8766478259,-1.24481082,-1.063393474,0.8088271618
0.1278536916,-0.05299687386,0.1790198684,0.9710558853,0.2150603603,-0.1997330072,0.1204526052,-0.8254821301,-0.5514258146,0.4711316549,0.04818760127,-0.03783327916,0.8799327387,-1.132737637,-1.025830388,0.7912402153
0.09486353397,-0.02850532532,0.167096734,0.9624076502,0.1909778699,-0.1827521976,0.1084903553,-0.8205700517,-0.561154902,0.4665279102,0.04212200765,-0.03657263644,0.8827457434,-0.9322594404,-0.971321404,0.7361549139
0.06329041719,-0.01044946909,0.1438859701,0.9554557988,0.169492249,-0.167826937,0.09736938775,-0.8165769577,-0.5689652562,0.4628008385,0.03650684646,-0.0353845894,0.8850032459,-0.7408706546,-0.8667179346,0.6984254718
0.04088130593,0.005447626114,0.1315996647,0.9501316402,0.1502943746,-0.1542924012,0.0870789215,-0.8134920597,-0.5750200152,0.4598948452,0.03141217863,-0.03410416688,0.8867621061,-0.5555812716,-0.7639092207,0.6715709567
0.02320041507,0.0208901763,0.1261088252,0.9463123957,0.1330874678,-0.1420384486,0.07758390903,-0.8112649918,-0.5795084238,0.4577432377,0.02677541221,-0.03279865129,0.8880757703,-0.4131206572,-0.6795442104,0.6276207566
0.008707545698,0.04288583994,0.1276091933,0.9433825232,0.1176870131,-0.130982482,0.06892915815,-0.8095484376,-0.5829923749,0.4560630814,0.02258924977,-0.03153167969,0.8891017882,-0.3390714824,-0.5990986228,0.5798950195
-0.004580914974,0.06458806992,0.1130400896,0.9408470542,0.1039288681,-0.1209220428,0.0611147359,-0.8080573678,-0.5859251618,0.4546224785,0.01886329837,-0.0302880133,0.8899692547,-0.3098075092,-0.5173330903,0.5359941721
-0.01309779286,0.0728983283,0.106256485,0.9383032376,0.09161458325,-0.1115852815,0.05408291891,-0.8065562248,-0.58867836,0.4532302284,0.01559409781,-0.02901499967,0.8907847306,-0.3059690893,-0.433970511,0.5048338771
-0.01987034082,0.07558953762,0.1013094187,0.9355303793,0.08055362718,-0.1028288561,0.04774817079,-0.804913938,-0.5914674401,0.4517786881,0.01273960995,-0.02770236022,0.8916088449,-0.3436141014,-0.3654609323,0.4691544473
-0.02465391532,0.07070839405,0.08485621214,0.9321977574,0.07083317381,-0.09485170369,0.04218628258,-0.8029319048,-0.5945760012,0.4501175658,0.01030440214,-0.02642925289,0.8925185709,-0.3922735155,-0.2931805849,0.4257707596
-0.01776525006,0.04632377625,0.05844825506,0.928493584,0.06235171784,-0.08750293829,0.03732703999,-0.8007184267,-0.597876966,0.4483225568,0.008271065234,-0.02514593349,0.8934799288,-0.4045957327,-0.2276586741,0.4017709494
-0.00967342034,0.0190628767,0.03843063116,0.9245410835,0.05480793322,-0.08069531282,0.03298886865,-0.7983444929,-0.6012967229,0.4464404727,0.006522003795,-0.02387931503,0.8944708399,-0.4366569817,-0.196351096,0.3653354347
-0.0007382351905,0.0157648325,0.03460949659,0.9201163438,0.0480418625,-0.07457841606,0.02908908762,-0.7956721187,-0.6050286889,0.4443659215,0.004958558385,-0.02273788554,0.8955430129,-0.4798919559,-0.1857269406,0.3284326196
0.007321327925,0.0290337801,0.03907614946,0.9156854366,0.0417172923,-0.06910906133,0.02540877648,-0.7929803729,-0.6087172031,0.4423003733,0.003430627532,-0.02176914295,0.8965962782,-0.4187569618,-0.2075675279,0.2956850529
0.01416561007,0.0468390584,0.01813083887,0.9122590831,0.03548000978,-0.06391292652,0.02170781977,-0.7908882499,-0.6115756035,0.4406912499,0.001845911243,-0.02087030836,0.8974143192,-0.2913036048,-0.2162315845,0.3096051812
0.01534325071,0.06109774113,0.02750492096,0.9100545212,0.02913083972,-0.05861879046,0.01787514985,-0.7895371914,-0.613442421,0.439634781,0.0001994146284,-0.01992223968,0.8979557355,-0.1741570085,-0.213842988,0.3194788396
0.00693091657,0.05153751373,0.02476817369,0.9089476779,0.0230121669,-0.05349768582,0.01414148137,-0.78885746,-0.6144134402,0.4390800512,-0.001406089104,-0.0189800358,0.8982463072,-0.06887125224,-0.193771556,0.3001390994
-0.00275272131,0.01959913969,0.005704879761,0.9087712073,0.01743629743,-0.04870293572,0.01071781944,-0.7887489796,-0.6146220565,0.4389542292,-0.00285554215,-0.01805224776,0.8983235918,0.009279213846,-0.1622557044,0.2895122766
-0.003721177578,-0.01576095819,-0.009987711906,0.9091098828,0.0122896218,-0.04399051931,0.007551147602,-0.788957119,-0.6144019365,0.4390693752,-0.004136854663,-0.01706253043,0.8982816789,0.02978519909,-0.1210109591,0.2909153104
0.004556804895,-0.03581166267,-0.0146420002,0.9092827478,0.007485638449,-0.03933584345,0.00459847413,-0.7890633345,-0.6142947078,0.4391182374,-0.005274394982,-0.01602546186,0.8982709094,-0.0110035101,-0.1085036844,0.2796953917
0.01821264625,-0.03479593992,-0.01720666885,0.9088000665,0.002840167071,-0.03481714768,0.001745827729,-0.7887667418,-0.6146902442,0.4388785179,-0.006364846515,-0.01501801006,0.8983984299,-0.1078842506,-0.1077055335,0.2707770169
0.02975204587,-0.01106393337,-0.02322626114,0.9069728418,-0.001555984825,-0.03063436673,-0.0009586930973,-0.7876422405,-0.6161321998,0.4380399594,-0.007409501236,-0.01410925824,0.8988142722,-0.2592236996,-0.1212738156,0.2461374402
0.0362971127,0.010379076,-0.02708852291,0.9039149899,-0.006358910022,-0.0264705046,-0.003933204804,-0.7857545018,-0.6185260415,0.4366489663,-0.008639959491,-0.01329437429,0.8994923062,-0.3424978554,-0.1780859679,0.2735719979
0.03223961592,-0.009468734264,-0.03974193335,0.9000086024,-0.01197588402,-0.02180211742,-0.007444070652,-0.7833322287,-0.6215587258,0.4348769627,-0.01013290812,-0.0124198361,0.9003472546,-0.4403943419,-0.2049101144,0.3111382723
0.0131778121,-0.03961533308,-0.03601753712,0.8947803239,-0.01806260617,-0.01665592138,-0.01130098291,-0.7800716758,-0.6255882382,0.4325135217,-0.01174464364,-0.01141480053,0.9014787817,-0.5969110131,-0.2066080272,0.3409985602
-0.003836512566,-0.0610948205,-0.01914727688,0.8879883753,-0.02444099351,-0.01124173625,-0.015420096,-0.7758040428,-0.6307855248,0.4294488754,-0.01344943509,-0.01032457716,0.9029320605,-0.7372460365,-0.2259926498,0.3630362153
-0.01696732454,-0.05885720253,0.0004257559776,0.8800620315,-0.0311889581,-0.005776056053,-0.01986736618,-0.7707784176,-0.6367934346,0.4258732309,-0.01533834985,-0.00925503445,0.9046054449,-0.8111120462,-0.2609470189,0.3698584437
-0.01900467277,-0.04014587402,0.007996559143,0.8717278243,-0.03815018532,-0.0001705728919,-0.02454388142,-0.7654419541,-0.6430367827,0.4221153882,-0.01732663013,-0.00813019249,0.9063400983,-0.8096960783,-0.2660152912,0.4025077224
-0.01839581132,-0.03015822172,0.02603787184,0.8637168769,-0.04538237963,0.005810709315,-0.02947101183,-0.7602623701,-0.6489474177,0.4185096436,-0.01939029345,-0.006858822017,0.9079795111,-0.746447444,-0.2659932673,0.4291078746
-0.01850670576,-0.02795433998,0.02538943291,0.8562665239,-0.05258530104,0.01192940986,-0.03444129229,-0.7554014325,-0.6543566585,0.4151649941,-0.0214408387,-0.005490113206,0.9094769701,-0.7000077963,-0.2450861335,0.4389852583
-0.02058601007,-0.02301806211,0.03612416983,0.8489735144,-0.0595429732,0.0179584332,-0.03932001069,-0.7506025434,-0.6595829725,0.4118976192,-0.02342774376,-0.004080598766,0.9109197443,-0.7098138928,-0.2386450619,0.4320576489
-0.01623004302,-0.008292138577,0.0479362011,0.8414788111,-0.06634833893,0.02377820776,-0.0441795066,-0.7456293702,-0.6648947597,0.4085418592,-0.02542011807,-0.002700071124,0.9123815195,-0.7331187129,-0.246933341,0.4251925349
-0.01354424283,0.001290380955,0.0372428894,0.8335906218,-0.07289131823,0.02928584308,-0.04895575345,-0.7403498292,-0.6704367995,0.4050078459,-0.02739085548,-0.001369542614,0.9139018097,-0.7895789742,-0.2349031717,0.4131469429
-0.01022303104,0.003034830093,0.02564805746,0.8250127715,-0.07892333271,0.03433592092,-0.05349765718,-0.7345564365,-0.6764353514,0.4011560471,-0.02925981456,-9.91E-05,0.9155422838,-0.8626374602,-0.2250036746,0.3941380978
-0.002503991127,0.005230784416,0.01931369305,0.8157696675,-0.08459651562,0.03892007028,-0.05790555105,-0.7282532454,-0.6828573346,0.3969940669,-0.03109746892,0.001076255328,0.9172935717,-0.9233950973,-0.2331719995,0.3762327433
0.009236544371,0.006122648716,0.02473163605,0.8060330845,-0.09011271562,0.04310815386,-0.0623065941,-0.7215462923,-0.6895570159,0.3925989111,-0.03297872313,0.002144759116,0.9191158498,-0.9454809427,-0.260119468,0.3669729531
0.01630619913,0.01097905636,0.02838999033,0.7964556651,-0.09580552859,0.04699605493,-0.06688909233,-0.7148822546,-0.6960382462,0.3882707372,-0.03502438419,0.003068696683,0.9208744291,-0.8921778202,-0.3119994402,0.3476282358
0.02012358606,0.02867460251,0.02197682858,0.7876507732,-0.1017581287,0.0506435127,-0.07166776806,-0.7086977959,-0.7018626928,0.3842933825,-0.03724589174,0.003841744852,0.9224514814,-0.7983599901,-0.3509758711,0.3343981802
0.01936854422,0.04133200645,0.03430104256,0.7799059268,-0.1078678583,0.05422092901,-0.07654321939,-0.7032125592,-0.7068474293,0.3808042297,-0.03955278111,0.004550432202,0.9237981721,-0.6778743863,-0.3565784693,0.325619638
0.01190117002,0.04000163078,0.03326976299,0.7733984786,-0.1137992544,0.05766676959,-0.08125237375,-0.6985710263,-0.7109125853,0.3778849951,-0.04179284034,0.005219130161,0.9248941762,-0.5540312529,-0.3405603766,0.3013449311
-0.003070548177,0.02317374945,0.03018403053,0.7680634036,-0.1193133405,0.06076207352,-0.08561354131,-0.6947436333,-0.7141439319,0.3755016385,-0.04389245687,0.005786199216,0.9257636992,-0.4559553564,-0.3244790137,0.2612791657
-0.01136662066,0.007116019726,0.03188920021,0.763504685,-0.1243280881,0.06348594435,-0.08958552778,-0.69145751,-0.7168409228,0.3734700585,-0.04582193164,0.006263590717,0.9264886633,-0.3980148137,-0.3015332222,0.2371690273
-0.01797323674,0.008821904659,0.02808004618,0.7698136777,-0.1272111347,0.06695237948,-0.09109656513,-0.6960014701,-0.7122383118,0.3764753718,-0.04633737816,0.007105638458,0.9252397756,3.751967907,0.6594308019,-0.02702271938
0.004435583949,-0.1641344428,-0.02831852436,0.8077984764,-0.1240877509,0.07167995202,-0.08553606272,-0.7227674723,-0.6857774854,0.3940416916,-0.04292309613,0.008533305431,0.9180500954,2.39864397,0.8405821919,-0.1051292345
-0.09177589417,0.1939911246,0.126296401,0.8184810485,-0.1157800394,0.07060887107,-0.07893944532,-0.7301087379,-0.6787560582,0.3988721508,-0.03902528083,0.009320174518,0.9161283499,-0.120326452,0.2870284319,-0.3072266579
-0.04151396453,0.02865743637,0.4390180707,0.8136188276,-0.1122728781,0.06583576099,-0.0769552812,-0.7267776132,-0.6825483441,0.3965397197,-0.03849792179,0.007989873306,0.9171751947,-0.6523344517,-0.01482518204,-0.1417423785
0.0002936422825,-0.01354694366,-0.1060351729,0.8069135708,-0.1106799414,0.06495671487,-0.07640449703,-0.7221556306,-0.6874981523,0.3934440329,-0.03811464261,0.00811575423,0.9185223787,-0.7482877374,0.1298398077,0.1299914718
-0.05317384005,-0.02762252092,-0.03055679798,0.7973990914,-0.1108655192,0.0660705435,-0.07728879154,-0.7155416012,-0.6942814589,0.3890988107,-0.03822803169,0.008894553988,0.9203595834,-1.079230666,-0.01677839831,0.2199708968
0.02070853114,-0.2112256885,0.03360676765,0.7883192548,-0.113240669,0.06820843248,-0.07966848463,-0.7091692686,-0.7005226016,0.3849756178,-0.03914675184,0.009712750408,0.9220450562,-0.5884338617,-0.1117507145,0.263283968
0.09452034533,-0.1773641109,0.03369873762,0.7824745152,-0.1170035152,0.07121318402,-0.08278632909,-0.7050364017,-0.7043225169,0.3823629061,-0.04046428315,0.01057107175,0.9230653928,-0.6220442653,-0.2482574433,0.2830542326
0.0845708847,0.02397936583,0.01392662525,0.775169378,-0.1223328828,0.07381996066,-0.08716490865,-0.6998370886,-0.7089643478,0.379077977,-0.04263454341,0.01101261149,0.924316566,-0.7115525603,-0.4231180251,0.2450181544
0.05057952553,0.06609505415,0.001195371151,0.7693346976,-0.1278086868,0.07579351829,-0.0915646255,-0.6956574321,-0.7125142813,0.3764587356,-0.04496325156,0.01110066198,0.9252749832,-0.4002125859,-0.3689519763,0.175718978
-0.002132602036,0.06035345793,-0.03920286894,0.766126373,-0.1321191248,0.07737925659,-0.09492856264,-0.693349123,-0.7143218517,0.3750373011,-0.04675583328,0.01114413326,0.9257628628,-0.2372220308,-0.2647788227,0.1361508667
-0.04367790371,0.03170317411,-0.03643161058,0.7639766881,-0.1353052828,0.07885093486,-0.09740483761,-0.6917984486,-0.7154909372,0.3740969581,-0.04802090865,0.01131094036,0.9260764426,-0.1621488631,-0.1726504862,0.1334562898
-0.05219754577,-0.01241153479,-0.03358453512,0.762412076,-0.1378844237,0.0805030347,-0.09939853102,-0.6906678081,-0.7163086534,0.373428793,-0.04895525508,0.01165511175,0.9262930039,-0.1209262386,-0.1230581328,0.1481153518
-0.0365658626,-0.02797925472,-0.02503114939,0.7610361758,-0.1403289024,0.08237778042,-0.1012820378,-0.6896721125,-0.7170037031,0.3728537976,-0.0497814417,0.01212213799,0.9264744681,-0.1217078716,-0.1125716642,0.1589243263
-0.01192851365,-0.01562201977,-0.01744419336,0.759643068,-0.1428761699,0.08427147286,-0.1032448187,-0.6886627078,-0.7176937461,0.372273175,-0.05065392624,0.01258140186,0.9266545716,-0.112445794,-0.1366446018,0.1496101469
0.007265895605,-0.005389690399,-0.009449601173,0.7584776037,-0.1456681925,0.08603649257,-0.1053646505,-0.6878171563,-0.7181962132,0.3717974658,-0.05165784005,0.01292801204,0.9267852651,-0.08887868375,-0.1789838076,0.1360176355
0.007680252194,0.004226565361,-0.005563020706,0.7575154765,-0.1487013694,0.08760967038,-0.1076405868,-0.6871184707,-0.7185274959,0.371413553,-0.05280357294,0.01313400938,0.9268717958,-0.07482874393,-0.2067154199,0.1104248092
-0.007932282984,-0.000835955143,-0.005259275436,0.756659405,-0.1516750004,0.08882824368,-0.109865576,-0.6864961982,-0.7187854648,0.3710699607,-0.05398486469,0.01318355759,0.9269406312,-0.07041641325,-0.2113778144,0.0917571187
-0.02404111624,-0.005852282047,-0.008012592793,0.7558046399,-0.1544857855,0.08995311226,-0.1119757518,-0.6858744621,-0.7190533876,0.3707240505,-0.05510877006,0.01322104097,0.9270124676,-0.08092666417,-0.1852003932,0.09666604549
-0.03333941102,-0.01123738289,-0.01336717606,0.7548632544,-0.1570118141,0.09115430343,-0.1138926521,-0.6851890683,-0.7194056511,0.3703390914,-0.05609035134,0.01335167602,0.927105578,-0.08211709559,-0.1518008709,0.102837652
-0.03057764471,-0.0169197917,-0.01624721289,0.7538706427,-0.1592378332,0.09240564727,-0.115601562,-0.684465766,-0.7198214531,0.3699306225,-0.05692623052,0.01356457086,0.927214552,-0.09461203218,-0.1227580458,0.1092645153
-0.01982850581,-0.01067167521,-0.009889781475,0.7527508709,-0.1613238943,0.09367028691,-0.1172259301,-0.6836489439,-0.7203347683,0.3694635084,-0.05770024862,0.01381648373,0.9273492153,-0.09937216341,-0.1159414127,0.1078892574
-0.004935145378,-0.00344645977,-0.006196975708,0.7516332324,-0.1634406237,0.09497087086,-0.1188746765,-0.6828328967,-0.7208384871,0.3689993486,-0.05848273312,0.01408054522,0.9274810491,-0.09013658762,-0.1246885657,0.1131452695
0.003720745444,0.005108356476,0.001750349998,0.750644789,-0.1657056157,0.09629826641,-0.1206183285,-0.6821104288,-0.7212327123,0.3685975678,-0.05932517607,0.01432486396,0.9275835127,-0.08032842726,-0.146142453,0.1141708568
0.006498329341,0.01145029068,0.0097194314,0.7498025273,-0.1681969348,0.09767045237,-0.1225109026,-0.681494236,-0.7214961052,0.3682671943,-0.06025967197,0.01454243773,0.9276510557,-0.05535330996,-0.1564712673,0.1067906991
0.002282634377,0.004158139229,0.01473265886,0.7492834882,-0.1705827057,0.09893614436,-0.1242919117,-0.681114316,-0.7215502858,0.3680830931,-0.06115311148,0.01471536899,0.927662959,-0.02941598371,-0.1574411839,0.09924889356
-0.004874423146,-0.001835823059,0.02412414551,0.7489122035,-0.1731230418,0.1002969373,-0.1261680424,-0.6808423996,-0.7214812636,0.3679721718,-0.06209537121,0.01489726491,0.9276415216,-0.0227213297,-0.1396408826,0.09541660547
-0.00904007256,-0.004927694798,0.02948558331,0.7486283385,-0.1756570282,0.1017428702,-0.1280296445,-0.6806344986,-0.721349597,0.3679051824,-0.06301581168,0.01511583211,0.9276025389,-0.008601516485,-0.1288513541,0.09055873752
-0.009478762746,-0.001262962818,0.02308565378,0.7485278017,-0.1778881794,0.1030826747,-0.129650861,-0.6805608273,-0.721129477,0.3679181846,-0.06380812815,0.01533184243,0.92753967,-0.0003543720813,-0.1047974676,0.08325927705
-0.005345836282,0.01424878836,0.02105373144,0.7484357183,-0.1796684674,0.1041537502,-0.1309456676,-0.6804933548,-0.7209591269,0.3679237365,-0.06444042797,0.01550574323,0.9274907877,-0.007165406365,-0.09057378769,0.07172459364
0.00121422112,0.01978683472,0.02010142803,0.7482678862,-0.1810352815,0.1049232516,-0.1319515258,-0.6803703904,-0.7208918333,0.3678817006,-0.06493954532,0.01561978791,0.9274707774,-0.003711286467,-0.09521993995,0.06114659458
-0.0004419237375,0.01370841265,0.01556813717,0.7480731484,-0.1822607508,0.1055149893,-0.1328588724,-0.6802276373,-0.7208598256,0.3678206235,-0.06540697051,0.01567887098,0.9274611197,-0.01468297839,-0.1028738692,0.05697901174
-0.005599334836,0.008568167686,0.01479196548,0.747701235,-0.1834246556,0.1059738248,-0.1337439269,-0.6799550056,-0.7209534049,0.3676729986,-0.06587765115,0.01569699498,0.9274860333,-0.03998633474,-0.1035768837,0.05602929369
-0.01367010176,0.004667401314,0.01274585724,0.7472717526,-0.1846642433,0.1064658032,-0.1346911192,-0.6796399951,-0.7210740447,0.3675005911,-0.06637985082,0.01571981215,0.9275181748,-0.0567117855,-0.09289707243,0.0545531027
-0.01912915707,0.006287693977,0.005839049816,0.7469843615,-0.1859312764,0.1070473212,-0.1356407255,-0.6794291735,-0.7210947275,0.3673972056,-0.06687256533,0.0157718534,0.9275227914,-0.05337378383,-0.07773953676,0.05231851712
-0.017240569,0.008584737778,0.00366973877,0.7469956812,-0.1872405144,0.1078161136,-0.1365832835,-0.6794374585,-0.720909059,0.3674385222,-0.06733800954,0.01588727029,0.9274709287,-0.02618024498,-0.06098399311,0.05574787036
-0.01157693565,0.01637220383,0.00591313839,0.7470863279,-0.1884667531,0.1086224288,-0.1374556571,-0.6795039773,-0.7206805348,0.3675173959,-0.06775466693,0.01603102543,0.9274068784,0.0003391595092,-0.06131449342,0.05286701396
-0.005862250924,0.02152150869,0.008837282658,0.747283182,-0.1896562022,0.1093528278,-0.1382875443,-0.6796483994,-0.7203851342,0.3676427042,-0.06816360064,0.01614050338,0.9273253123,0.04287356883,-0.0718883127,0.04233714193
-0.004230484366,0.01988381147,0.00417804718,0.7477756883,-0.1908446342,0.1100028057,-0.1390800476,-0.6800095439,-0.7198914886,0.3679019855,-0.068574038,0.01619666056,0.9271911253,0.0698717162,-0.08034262061,0.03544716537
-0.00771586597,0.01943290234,0.005749106407,0.7484720465,-0.1920000987,0.1105575298,-0.1398213804,-0.6805199981,-0.7192653418,0.3682518444,-0.06897764428,0.01620325464,0.9270222447,0.0832863301,-0.07891836017,0.0222147163
-0.01197133958,0.01561379433,0.002699911594,0.7493618625,-0.1931826386,0.1111044003,-0.1405555308,-0.6811717153,-0.7185049653,0.3686909896,-0.06938649964,0.01619011966,0.9268174079,0.09899391979,-0.07792052627,0.0220050104
-0.013810426,0.01276016235,0.001133561134,0.750279005,-0.1944227251,0.1116449791,-0.1413256824,-0.6818428636,-0.7177168131,0.3691429842,-0.06982152556,0.01616133236,0.9266053065,0.08744165301,-0.0785266608,0.01016086899
-0.01857662201,0.01188397408,0.002254664898,0.7508961328,-0.1955497108,0.1120833204,-0.1420526505,-0.6822941899,-0.7171441913,0.3694521112,-0.07023571505,0.01612210672,0.9264514281,0.0605978854,-0.06980864704,0.006716184318
-0.01738791168,0.007809400558,0.001164197922,0.7511668797,-0.1964703882,0.1123196727,-0.1426767856,-0.6824920774,-0.7168319225,0.3695926826,-0.07060662886,0.01604640995,0.9263685224,0.0291858986,-0.06703070551,-0.003685323987
-0.01599298418,0.004092335701,-0.0007612705231,0.7511125564,-0.1971716601,0.1123257683,-0.1431867182,-0.6824523807,-0.7167680264,0.3695734458,-0.07093270625,0.01592268037,0.9263534333,0.003996478394,-0.06006765366,-0.0111530181
-0.01181763411,0.00441724062,0.0004612207413,0.750826383,-0.1977490721,0.1122077377,-0.1436389089,-0.6822431684,-0.716876626,0.3694419148,-0.07123456189,0.01577735268,0.9263850968,-0.009770998731,-0.06905582547,-0.01230163965
-0.008642911911,0.008995592594,0.003745794296,0.7504517259,-0.1982973737,0.1119808407,-0.1440823078,-0.6819692254,-0.717048347,0.369265301,-0.07154693075,0.01559202844,0.9264346461,0.001670118654,-0.07634143531,-0.01582892053
-0.006681382656,0.01450586319,-0.00225508213,0.7503709458,-0.1990174728,0.1118688906,-0.1446095109,-0.6819101572,-0.7169984579,0.3692295977,-0.07190471574,0.01541177122,0.9264242253,0.03390235826,-0.0755962804,-0.01138783246
-0.002711981535,0.01974111795,0.002742528915,0.7506858742,-0.1999312913,0.111955313,-0.1452219933,-0.6821404696,-0.7166554928,0.3693849469,-0.07229813782,0.01526528506,0.9263341065,0.07389637828,-0.07741053402,-0.01473831758
-0.002074241638,0.01851814985,0.007073044777,0.7514551497,-0.2009248822,0.1121114116,-0.1458292156,-0.6827027798,-0.7159963846,0.369752856,-0.07269542409,0.01511037271,0.9261587213,0.1210633591,-0.07304906845,-0.02027822472
-0.006051272154,0.006577312946,0.008537709713,0.7525927061,-0.2019815439,0.1123610672,-0.146429792,-0.6835335493,-0.7150806189,0.3702942639,-0.07308799692,0.01496570104,0.9259138127,0.1352249831,-0.06812472641,-0.0250430759
-0.009481683373,-0.003399670124,0.009511530399,0.7537461526,-0.2028693537,0.1125768494,-0.1469056457,-0.6843749881,-0.7141775489,0.3708403233,-0.07340759759,0.01483512273,0.9256720037,0.1230111942,-0.04922028258,-0.02002088726
-0.01135498285,-0.01915985346,0.01148360968,0.7547750443,-0.203650764,0.1128230945,-0.1473211646,-0.6851248145,-0.7133725286,0.3713291551,-0.0736775438,0.01474503114,0.9254559848,0.1089750454,-0.0488005653,-0.0127751492
-0.008949935436,-0.0344453454,0.01548492908,0.7555137712,-0.2042999486,0.1130266242,-0.1476815492,-0.6856627464,-0.7127810717,0.3716816114,-0.07390698573,0.01467607929,0.9252974208,0.07016532868,-0.03897882625,-0.007493035402
-0.006765395403,-0.03707277775,0.02060556412,0.7557403791,-0.2048616374,0.1131897234,-0.1480502784,-0.6858276725,-0.7125458717,0.3717961,-0.07412634217,0.0146340497,0.9252345774,0.01972390898,-0.04046875983,0.003884102684
-0.00597114861,-0.03403794765,0.02282905579,0.7553190421,-0.2053583539,0.1133205968,-0.1484631002,-0.6855210066,-0.712755084,0.3716105709,-0.07435078254,0.01462666895,0.9252912127,-0.0203034021,-0.0369219631,0.0123580154
-0.004002988338,-0.03408008814,0.02435290813,0.7546324206,-0.2058011045,0.1135013594,-0.1488748044,-0.6850209236,-0.7131498456,0.3713043469,-0.07455301414,0.0146678968,0.9253971873,-0.04071320221,-0.03240779415,0.02452017739
-0.005921423435,-0.03131186962,0.0249453783,0.7538664947,-0.2061913349,0.1136970993,-0.1492604613,-0.6844627261,-0.7136050463,0.3709617487,-0.07473184402,0.01473057014,0.9255191631,-0.05662905052,-0.01881688833,0.03006647713
-0.006427004933,-0.024538517,0.02701836824,0.7533412631,-0.2066197506,0.1140185235,-0.1496398896,-0.6840797067,-0.7138927579,0.3707350516,-0.07489426841,0.01483045668,0.9255951725,-0.03123199195,-0.009521601722,0.0320709981
-0.004487156868,-0.01751798391,0.02707707882,0.7533432286,-0.2071359129,0.1145467864,-0.1500080824,-0.6840811372,-0.7138140798,0.3707595969,-0.07503512825,0.01497913589,0.9255715533,0.01039108355,-0.0005470165052,0.03374293074
-0.001973778009,-0.004160344601,0.02903997898,0.7540632675,-0.2077211622,0.1152757549,-0.1503241956,-0.6846061945,-0.7132440805,0.3711229783,-0.07513793354,0.01516575324,0.9254145651,0.06345066428,0.008649144322,0.03463067859
0.0003864020109,0.004059195518,0.02762526274,0.7556066819,-0.208320418,0.1162055885,-0.1505328864,-0.6857303977,-0.7121192217,0.3718730937,-0.07517170501,0.01539389742,0.9251069175,0.117072612,0.02751471102,0.03379391506
0.001476809382,0.006035864353,0.02900385857,0.7576535487,-0.2087821916,0.1171458147,-0.1505704522,-0.6872187853,-0.7106749415,0.372854041,-0.07511577577,0.01562198336,0.9247126177,0.1417084038,0.03724286705,0.02458550036
0.003230631351,0.006513059139,0.02678662539,0.7597618104,-0.2091186528,0.118060344,-0.1505084485,-0.6887487769,-0.709205389,0.3738607985,-0.07500271526,0.01585716315,0.9243111882,0.1388939768,0.0500494726,0.02209571004
0.004657581449,0.0007852315903,0.02722620964,0.7617763065,-0.2092353979,0.1188254586,-0.150302738,-0.6902078986,-0.7078291774,0.3748165571,-0.07481942508,0.01606936701,0.9239352918,0.1228503361,0.05492082238,0.0111581469
0.005508169532,0.0006819963455,0.02396333218,0.7633428798,-0.209180875,0.1193808922,-0.1500394344,-0.6913406253,-0.7067788243,0.3755568288,-0.07461663146,0.01624311889,0.9236480226,0.06518571079,0.05812859908,0.001964914845
0.005183830857,0.004194140434,0.01796448231,0.7642972568,-0.208958905,0.1196207582,-0.1497455984,-0.6920298934,-0.706166327,0.37600248,-0.07442424106,0.01633890237,0.9234804805,0.01741694659,0.04901808873,-0.009076398797
0.006511539221,0.007485747337,0.006702661514,0.7647564977,-0.2086202274,0.1195857184,-0.1494406164,-0.6923612952,-0.7059060931,0.3762093383,-0.07425287875,0.01635916828,0.9234097612,-0.01071721967,0.03856597841,-0.01578490064
0.008673757315,0.01582950354,0.004250586033,0.7648582851,-0.2083318438,0.1194004798,-0.1492224485,-0.6924347878,-0.7058802247,0.3762468727,-0.07414980073,0.01632185945,0.9234034043,-0.02380088717,0.01629934087,-0.01940010302
0.006624266505,0.02274537086,-0.004527032375,0.7648845612,-0.2081358375,0.1191871479,-0.1490803361,-0.692453742,-0.7058916688,0.3762494328,-0.07409820509,0.01625868308,0.9234076337,-0.007650412619,0.006858701818,-0.01836253703
0.005064979196,0.02055704594,-0.01213294268,0.7651506521,-0.2080992129,0.1190340973,-0.1490163952,-0.692645669,-0.7057167292,0.3763657592,-0.07409764106,0.01617916496,0.9233615539,0.01762666926,-0.003797243815,-0.01829884946
0.0008219480515,0.0165271163,-0.007520973682,0.7655504949,-0.2082004277,0.1189389858,-0.1490305662,-0.6929340363,-0.7054306269,0.3765467115,-0.07414356095,0.01609255812,0.9232856227,0.02630511299,-0.01774368621,-0.01417547744
-0.001998901367,0.01205503941,-0.005686461926,0.7660991329,-0.2084446658,0.1188987974,-0.1491241604,-0.6933294535,-0.7050221562,0.3767991785,-0.07423819805,0.01599553973,0.923176688,0.03204582259,-0.03047988191,-0.01091447473
-0.005573928356,0.004353046417,-0.004128336906,0.7666337156,-0.2087637054,0.1188925971,-0.1492722481,-0.6937146187,-0.7046118379,0.3770469915,-0.07436158747,0.01590088248,0.9230672208,0.02417964302,-0.03292359784,-0.008703784086
-0.007759511471,-0.0004417300224,0.001257300377,0.7669467395,-0.2090825251,0.1188389199,-0.1494518071,-0.6939400434,-0.7043517828,0.3771912604,-0.07450418079,0.01579742632,0.9229985562,0.0133585101,-0.03771025687,-0.007691783831
-0.01114878058,-0.004142045975,0.002084672451,0.7669783825,-0.2093247094,0.1186710489,-0.149617821,-0.6939628124,-0.7042940259,0.3772014487,-0.07464612605,0.01567239831,0.922985029,8.48E-05,-0.04010283947,-0.006651020143
-0.01493771374,-0.01255315542,0.002548694611,0.7667192862,-0.2094382098,0.1184464747,-0.1497351378,-0.6937762499,-0.7044529319,0.377074942,-0.07475298662,0.01556274724,0.9230299913,-0.01516079344,-0.03536385298,-0.005587847903
-0.01472331583,-0.01714795828,0.0082077384,0.7659965222,-0.2094646357,0.1181733487,-0.149857983,-0.6932555437,-0.7049393058,0.376733013,-0.07485046076,0.01547462615,0.9231631818,-0.04084831476,-0.0352743715,0.002482861746
-0.01380221546,-0.01805651188,0.01157844067,0.7650327485,-0.2095568785,0.1179660128,-0.1500619203,-0.6925606132,-0.7055786252,0.3762832982,-0.0749770915,0.015418767,0.923337196,-0.04990754277,-0.03517492861,0.0133708911
-0.01137211919,-0.01476550102,0.01853817701,0.7641167112,-0.2099158688,0.1179693846,-0.1504473537,-0.691899538,-0.7061449289,0.3758653335,-0.07518497116,0.0154072468,0.9234907618,-0.05578141287,-0.04338492453,0.01662873663
-0.01249182224,-0.01197236776,0.01926904917,0.7633784237,-0.2104049226,0.1180798758,-0.1508993357,-0.6913663149,-0.7065706849,0.3755340162,-0.07542454114,0.0154103398,0.9236060087,-0.0405787155,-0.04414610565,0.02149349451
-0.01382111013,-0.006186366081,0.0168902874,0.7629390665,-0.2110466086,0.1183282299,-0.1514163166,-0.6910488009,-0.7067706585,0.3753464691,-0.07569482598,0.01543078434,0.923659773,-0.02376138233,-0.04247523844,0.02423521876
-0.01510995626,-0.0008624792099,0.01104104519,0.7629159692,-0.2117875217,0.1187548023,-0.1519432813,-0.6910321116,-0.7066739202,0.3753577374,-0.07595802202,0.015490119,0.9236326324,0.007924774662,-0.02371747606,0.022981897
-0.01053705812,0.00456649065,0.01029205322,0.7632282671,-0.2125146463,0.1193244952,-0.1524115503,-0.6912578344,-0.7063521743,0.3755285913,-0.07617214714,0.01559793856,0.9235436242,0.03446770087,-0.01818316057,0.02786773257
-0.00725492835,0.002196550369,0.01216840744,0.7638341984,-0.2133336872,0.119999702,-0.1529013366,-0.6916955113,-0.7058176398,0.3758390632,-0.07639480276,0.01571932835,0.9233969501,0.04489966109,-0.01834518835,0.01922299899
-0.007511630654,-0.001245141029,0.01238030195,0.7645621475,-0.2141161584,0.1205720072,-0.1533465236,-0.6922210455,-0.7052055597,0.3762014627,-0.0766138054,0.01579235351,0.9232299268,0.03132632747,-0.02282036468,0.01606022753
-0.007999151945,-0.001481890678,0.01239395142,0.7651433773,-0.214844799,0.1210113978,-0.1537745148,-0.6926404238,-0.7047004104,0.3764909961,-0.07683968566,0.01582273659,0.9230925263,0.005240263417,-0.02173299715,0.01059983391
-0.01178392768,-0.002257943153,0.01383090019,0.7655696389,-0.2154315978,0.1213232292,-0.1541248858,-0.6929478049,-0.7043216228,0.3767032814,-0.07703135385,0.01583018921,0.9229899097,-0.0135331573,-0.01776808128,0.004394402727
-0.0111182034,-0.00182056427,0.01419126987,0.7657530147,-0.2158522002,0.1215326059,-0.1543939114,-0.693080008,-0.7041326165,0.3767988434,-0.07717720199,0.01583638282,0.9229386467,-0.02680195868,-0.007535097655,0.003486759029
-0.01144051552,-0.001842737198,0.0130712986,0.7657221824,-0.2161247673,0.1217049724,-0.1545903832,-0.6930577755,-0.7041112781,0.37679357,-0.07727199795,0.01586644878,0.9229322198,-0.03219459206,0.01016480289,0.004433779046
-0.006150320172,-0.0024061203,0.01855885983,0.7655121798,-0.2162905729,0.1219504593,-0.1547383666,-0.6929063797,-0.7042278051,0.376707967,-0.07731238671,0.01596136631,0.9229621733,-0.02731297538,0.02027980983,0.012639625
-0.002492785454,-0.004923939705,0.01960760355,0.7651946103,-0.2163253491,0.1222035137,-0.154810071,-0.6926773787,-0.7044372559,0.3765722761,-0.0772961035,0.01609106225,0.9230166039,-0.02812470682,0.02891377732,0.01623276249
-0.0001378655434,-0.008612155914,0.0183300972,0.7656451233,-0.2161026403,0.122539885,-0.1545862556,-0.693002224,-0.7041668892,0.3767902421,-0.0771082103,0.01626062395,0.9229404221,0.2263868004,0.1402599066,-0.006073912606
0.007426127791,-0.02947092056,0.09868091345,0.7674880918,-0.2158351824,0.1233186037,-0.1541241258,-0.6943297386,-0.7029594183,0.3776637814,-0.07674867356,0.01655738003,0.9226079741,-0.04318554699,0.03729303926,0.0415703021
-0.01357468963,0.02350252867,-0.0304685235,0.7660615964,-0.2157657905,0.1232354973,-0.1542872638,-0.6933024526,-0.7039369941,0.3770053428,-0.07680151895,0.0166195792,0.9228718587,-0.1171160042,-0.02128451876,-0.0053038029
-0.009697347879,-0.01299661398,0.02904844284,0.765997868,-0.2157980078,0.1233811649,-0.1543193907,-0.6932564974,-0.703975141,0.3769819787,-0.07679201942,0.01668462503,0.9228809723,0.01864661649,0.04459649324,0.01537857298
0.01736588776,0.01355457306,0.005042254925,0.7660626423,-0.2157382982,0.1236709816,-0.1542677581,-0.6933031678,-0.7039405107,0.3770223003,-0.0767066901,0.01682564624,0.9228690948,-0.01298365835,0.01665929519,0.009050787427
0.0274194926,0.02927285433,0.01790428162,0.7663614873,-0.2160154418,0.1239498831,-0.1544184089,-0.6935185194,-0.7036952972,0.3771725372,-0.07676745671,0.01688373535,0.9228014814,0.04385272413,-0.01170843095,-0.00374410348
0.01694822311,0.03425616026,0.004775822163,0.767073127,-0.2162907892,0.1240042448,-0.1545062214,-0.6940310001,-0.7031705976,0.3775034342,-0.07684958012,0.01681315296,0.9226607376,0.05294661969,-0.01760307141,-0.02730375715