acceleration_x,acceleration_y,acceleration_z,attitude_pitch,attitude_roll,attitude_yaw,gravity_x,gravity_y,gravity_z,quaternion_x,quaternion_y,quaternion_z,quaternion_w,rotation_x,rotation_y,rotation_ztime
-0.0031599104404449463,0.006295263767242432,-0.002423226833343506,0.4380984139037567,-0.23086851534292338,0.051614296418608735,-0.20721302926540375,-0.42421823740005493,-0.881533682346344,0.21868466764897926,-0.10681839762464207,5.551115123125783e-17,0.9699313568151738,-0.07453408092260361,0.05873464420437813,0.00683040963485837477882.85588079167
-0.003802940249443054,0.004940330982208252,-0.008240759372711182,0.43742796378353377,-0.2303078331728567,0.05149232402024712,-0.20678362250328064,-0.42361101508140564,-0.8819264769554138,0.21835341487425225,-0.10657654334540123,4.160137835135247e-05,0.9700326244503852,-0.06152854859828949,0.04345100373029709,0.0037107544485479593477882.8658197917
-0.0037548691034317017,0.004264265298843384,-0.013743221759796143,0.43688382549466553,-0.22988760037331615,0.0513382082764973,-0.206465482711792,-0.4231180250644684,-0.8822376132011414,0.21808161688329308,-0.10640308085563385,4.468721716660573e-05,0.9701128258182132,-0.05111372098326683,0.02673301100730896,-0.005129608791321516477882.8757587917
-0.003986179828643799,0.008184611797332764,-0.011869311332702637,0.4364447445026145,-0.22959481788713976,0.05112135539904492,-0.2062494158744812,-0.42272016406059265,-0.8824787735939026,0.21785739346791103,-0.1062956031893483,-2.829373606516583e-06,0.9701749121020473,-0.0464026965200901,0.015657838433980942,-0.012448925524950027477882.8856977917
-0.002978086471557617,0.00993335247039795,-0.008299112319946289,0.4360677049550373,-0.22931287659320898,0.05083294860593127,-0.20603682100772858,-0.42237842082977295,-0.8826920390129089,0.21765941349903936,-0.10619956276041863,-8.994255088012881e-05,0.9702298653407683,-0.04264657199382782,0.021047543734312057,-0.02209995687007904477882.8956367917
-0.003719508647918701,0.007257044315338135,-0.0012714266777038574,0.43570758062304993,-0.2289524380345881,0.050481666001769766,-0.2057531625032425,-0.42205196619033813,-0.8829143643379211,0.2174663150937888,-0.10607178840474366,-0.00020008055031545124,0.9702871304533313,-0.044952258467674255,0.02534240484237671,-0.026929348707199097477882.9055757917
-0.0033237040042877197,0.003780961036682129,0.0023445487022399902,0.4353068868530748,-0.22849327137675723,0.050092679600130176,-0.20538602769374847,-0.42168867588043213,-0.883173406124115,0.2172516011928941,-0.10590111413745784,-0.00031550152150000565,0.9703538702850821,-0.05057073011994362,0.0330037847161293,-0.023929297924041748477882.9155147917
-0.0016104429960250854,0.0002034604549407959,0.0012238025665283203,0.4348280998610159,-0.22799729855347414,0.049738627033302965,-0.2049935907125473,-0.4212545156478882,-0.8834717273712158,0.21700094024935798,-0.1057105807698916,-0.0004055491136241707,0.970430731558592,-0.055711228400468826,0.037023868411779404,-0.018455132842063904477882.9254537917
0.0016686618328094482,-0.00154191255569458,-0.005808532238006592,0.43433373816391624,-0.22756244463506994,0.04946088187834844,-0.20465633273124695,-0.42080608010292053,-0.8837635517120361,0.21674679042337375,-0.10554169532361339,-0.0004644329961742133,0.9705058609299138,-0.051054421812295914,0.028366202488541603,-0.011354612186551094477882.9353937917
0.005104184150695801,-0.005588620901107788,-0.008231878280639648,0.4339266731236085,-0.2272451624730886,0.04929235282263835,-0.204414501786232,-0.4204367995262146,-0.8839952945709229,0.21654068524715353,-0.10541582928101628,-0.0004882270135424527,0.9705655466873491,-0.034196097403764725,0.01980997435748577,-0.0033379853703081608477882.9453327917
0.0054735541343688965,-0.004711627960205078,-0.008660852909088135,0.43364875937959657,-0.22706363899494644,0.04922936948232711,-0.2042803317308426,-0.4201846122741699,-0.8841461539268494,0.21640271141178763,-0.10534126420005809,-0.000483039235792071,0.9706044039757867,-0.01839449629187584,0.013016516342759132,0.0038075419142842293477882.95527179167
0.0029594600200653076,-0.004128187894821167,-0.00607377290725708,0.43353503363060747,-0.22695201635948492,0.049230543022271825,-0.2041923850774765,-0.42008140683174133,-0.8842155337333679,0.21634767211413025,-0.10528970727668724,-0.00046380589751199297,0.9706222938526112,-0.0043857889249920845,0.012417491525411606,0.0009549490641802549477882.9652107917
0.0026133209466934204,-0.0018207430839538574,-0.003922820091247559,0.4335555412761319,-0.22683883493098628,0.0492428378023212,-0.20409037172794342,-0.42010003328323364,-0.8842301964759827,0.21635830895270616,-0.10523296453274719,-0.0004467881140668428,0.9706259819823567,0.00827727559953928,0.011308817192912102,0.0001972797908820212477882.9751497917
0.003031909465789795,0.0010401010513305664,-0.0011705756187438965,0.4336478096477626,-0.2267008487514511,0.04924018479128957,-0.2039596438407898,-0.4201837480068207,-0.8842206001281738,0.21640292227508875,-0.1051640600803096,-0.00043848529441253836,0.9706235141303138,0.009941881522536278,0.016884468495845795,-0.005770002491772175477882.9850887917
0.0017976611852645874,-0.0005663633346557617,0.0010197162628173828,0.43376081924561893,-0.22650778586714748,0.04921586479388269,-0.20377826690673828,-0.42028629779815674,-0.8842136859893799,0.2164564486717783,-0.10507026649740588,-0.00043592665271546815,0.9706218015634203,0.011093433015048504,0.022416654974222183,-0.004098336677998304477882.9950277917
0.0019015967845916748,-0.003439605236053467,0.001277148723602295,0.43385665333589907,-0.22632493275746107,0.04920214541288332,-0.20360754430294037,-0.42037326097488403,-0.8842117190361023,0.21650221055461447,-0.1049806985700147,-0.0004283274356754463,0.970621329936716,0.007199693005532026,0.018052369356155396,-0.0021842203568667173477883.0049667917
0.0015556514263153076,-0.0059243738651275635,0.0006923079490661621,0.43387614277994063,-0.22616011793943738,0.04919795506963118,-0.2034599632024765,-0.42039093375205994,-0.8842372298240662,0.21651149662348831,-0.1049007066196821,-0.0004136499684454509,0.9706278077861216,-0.0027115275152027607,0.016320249065756798,0.00029198668198660016477883.0149067917
-0.0004888176918029785,-0.0036554932594299316,-0.0019754767417907715,0.43383736656979965,-0.22600091919938817,0.049183231407057985,-0.20332284271717072,-0.42035576701164246,-0.8842855095863342,0.21649195439805372,-0.10482596883338383,-0.0004013235705334628,0.9706402768334873,-0.005563836079090834,0.01681377924978733,6.672105519101024e-05477883.0248457917
-0.0002746284008026123,0.0004767179489135742,-0.002421855926513672,0.43376684942504173,-0.2257869532839877,0.04915421428463131,-0.2031402736902237,-0.4202917814254761,-0.8843578696250916,0.21645629243466463,-0.10472696155219238,-0.0003881817864004322,0.9706589330356327,-0.009512239135801792,0.021431701257824898,-0.0024819241371005774477883.0347847917
0.0008132457733154297,0.002108365297317505,-0.0021465420722961426,0.43364801878615583,-0.22557239145474525,0.049110635789774766,-0.20296168327331543,-0.4201839566230774,-0.8844500780105591,0.216396455989141,-0.10463040032090307,-0.00037927118746461375,0.9706826685973756,-0.015054702758789062,0.018168680369853973,-0.001526754000224173477883.0447237917
0.0005742013454437256,0.0034161806106567383,-0.0033568739891052246,0.4335254262327931,-0.22539262586947256,0.049069840884206,-0.20281420648097992,-0.4200727045536041,-0.8845368027687073,0.21633491977974512,-0.10455050364052895,-0.00037256709592026205,0.9707050373528864,-0.00995181966573,0.017212871462106705,-0.0013616381911560893477883.0546627917
-0.0024515092372894287,0.005969375371932983,-0.0006060004234313965,0.43342999348632044,-0.22518769846224415,0.04901106071731099,-0.20264187455177307,-0.4199860990047455,-0.8846173882484436,0.2162856303489715,-0.10445968892281526,-0.000373447374625413,0.9707257704452471,-0.012944860383868217,0.018376002088189125,-0.0031255860812962055477883.0646017917
-0.0012718439102172852,0.006564021110534668,-0.0010105371475219727,0.4332950157861118,-0.2249717901147285,0.048924617476481184,-0.2024635225534439,-0.41986358165740967,-0.8847163915634155,0.21621572713320378,-0.10436747397662294,-0.0003843071096303885,0.9707512439940781,-0.01892925053834915,0.01918214187026024,-0.006758403964340687477883.0745407917
0.0015249699354171753,0.008296877145767212,-0.0014104843139648438,0.4331027595252406,-0.22469779936839032,0.04878225859870747,-0.20223909616470337,-0.4196890890598297,-0.8848505020141602,0.21611514317563807,-0.10425446135936287,-0.00041276021891162307,0.9707858113440668,-0.02400159277021885,0.023891814053058624,-0.011743172071874142477883.0844797917
0.0008643418550491333,0.010122478008270264,0.0010269880294799805,0.4328782073698596,-0.22434137830254328,0.04856542992418607,-0.20194466412067413,-0.41948527097702026,-0.8850144147872925,0.2159950491258025,-0.10411022490501277,-0.0004666403271089137,0.970828039071902,-0.029014460742473602,0.031119633466005325,-0.01651449128985405477883.0944197917
-0.0006958842277526855,0.008655786514282227,0.004584550857543945,0.4326240477848141,-0.22386206838902223,0.04827878021956947,-0.20154410600662231,-0.4192545413970947,-0.8852149844169617,0.21585704641553538,-0.10391454345747929,-0.0005395123085871756,0.9708796044790395,-0.034361135214567184,0.039211615920066833,-0.020350275561213493477883.1043587917
-0.0010585933923721313,0.004328936338424683,0.0027216076850891113,0.43236248210515865,-0.2233387453773247,0.047968090897923456,-0.20110510289669037,-0.4190170466899872,-0.8854272961616516,0.21571423376767418,-0.10370019493542884,-0.0006189541759489825,0.9709342627772701,-0.02698923833668232,0.041751470416784286,-0.02334446832537651477883.1142977917
-4.711747169494629e-05,0.00029346346855163574,-0.0008628368377685547,0.4321529440801643,-0.2227703808058807,0.04765215610835665,-0.20062123239040375,-0.41882678866386414,-0.885627031326294,0.21559645116793608,-0.10346326235795339,-0.0006991291041414383,0.9709856460774893,-0.02441442757844925,0.04402804374694824,-0.02374730445444584477883.1242367917
0.0017018020153045654,-0.0020795464515686035,-0.0012198686599731445,0.4319930142395746,-0.22221304522367155,0.04733500145528264,-0.20014235377311707,-0.4186815619468689,-0.8858040571212769,0.21550272832899692,-0.10323060685490636,-0.0007839725842233025,0.9710310822954633,-0.01810593158006668,0.03897629678249359,-0.024506038054823875477883.1341757917
0.0008616149425506592,-0.006844669580459595,-0.006187260150909424,0.4319210063737816,-0.22179107728746467,0.04707748066147157,-0.19977518916130066,-0.4186161756515503,-0.8859177827835083,0.21545470192443086,-0.10305515710443443,-0.0008594672214687349,0.9710603026428803,-0.007058828137814999,0.021959956735372543,-0.01939523220062256477883.1441147917
0.0006421804428100586,-0.01234021782875061,-0.013150453567504883,0.4319015868675548,-0.22162749460402148,0.04691738237080906,-0.19963206350803375,-0.4185985326766968,-0.8859584331512451,0.21543710256515897,-0.10299342722706463,-0.0009184794761842308,0.9710707332466915,-0.00022489065304398537,0.000716719776391983,-0.010218778625130653477883.1540537917
0.00021952390670776367,-0.0111006498336792,-0.012199103832244873,0.43192234179520705,-0.22163485152934595,0.04686523013678115,-0.19963666796684265,-0.4186173677444458,-0.8859484791755676,0.21544447976719763,-0.10300213540136748,-0.0009457663244988868,0.9710681436410384,0.002554365200921893,-0.005224816966801882,-0.00299098901450634477883.16399279167
0.00011633336544036865,-0.006259799003601074,-0.006229758262634277,0.431960135089499,-0.2216945183672552,0.04685411483849793,-0.19968605041503906,-0.4186517000198364,-0.8859211206436157,0.2154622029653664,-0.10303142346759818,-0.000959725055356131,0.9710611111311783,0.005140827037394047,-0.0047803353518247604,0.00019601581152528524477883.1739327917
0.0013890117406845093,-0.0016684532165527344,0.0013506412506103516,0.4319920402214166,-0.22172205179183757,0.04684129594552369,-0.1997075080871582,-0.41868066787719727,-0.8859025835990906,0.21547699874767498,-0.10304543042240959,-0.0009707173805493796,0.97105634684522,0.0016709304181858897,-0.0018185852095484734,0.0005233546835370362477883.1838717917
0.0033367574214935303,-0.0012587010860443115,0.006219267845153809,0.4319727904910573,-0.22167954288648242,0.04685891717542502,-0.19967161118984222,-0.4186632037162781,-0.885918915271759,0.21546860174647406,-0.10302334398662201,-0.0009564965961155192,0.9710605227309156,-0.00581361772492528,0.01080719567835331,0.003920216578990221477883.1938107917
0.002718493342399597,-0.0030753016471862793,0.009961545467376709,0.43185426563156587,-0.22152049899835216,0.04690135044039915,-0.1995416134595871,-0.4185555577278137,-0.8859990835189819,0.21541337836928673,-0.10294430360095659,-0.0009120666636294739,0.9710812015991261,-0.014177430421113968,0.02405421808362007,0.006473288871347904477883.2037497917
0.004017159342765808,-0.0006720125675201416,0.01065206527709961,0.43164428946450056,-0.22124229704761425,0.04692766695789834,-0.1993144005537033,-0.41836485266685486,-0.8861402869224548,0.21531302410327607,-0.10281126571439096,-0.0008574834331581127,0.9711175736926143,-0.02641066163778305,0.03319844976067543,0.0061196209862828255477883.2136887917
0.0046356916427612305,0.0022405683994293213,0.006669580936431885,0.43135668130555865,-0.2209118372268286,0.046933329596961636,-0.19904790818691254,-0.4181036055088043,-0.8863234519958496,0.21517396036027153,-0.10265686681945918,-0.0008029603931530849,0.9711647630410415,-0.0309392549097538,0.035259876400232315,0.005952009465545416477883.2236277917
0.00321081280708313,0.0038803815841674805,0.002958357334136963,0.4310286345592934,-0.22052715955787772,0.04690624776913873,-0.19873693585395813,-0.41780558228492737,-0.886533796787262,0.21501359500573608,-0.10248057668199201,-0.0007562783016879515,0.9712189771543012,-0.03426367789506912,0.03902212530374527,0.004777555353939533477883.2335667917
0.00013615190982818604,0.00585058331489563,0.002038419246673584,0.43071153504462045,-0.22012448074118565,0.04684731697193513,-0.19840885698795319,-0.41751745343208313,-0.8867430090904236,0.21485689763563884,-0.10229868735340047,-0.0007238056670128556,0.971272911613239,-0.032455816864967346,0.03857741132378578,-0.002077920828014612477883.2435057917
-0.0043862611055374146,0.006024003028869629,-0.000391542911529541,0.43041540569105907,-0.21967459033675477,0.0466980905356278,-0.19803683459758759,-0.41724836826324463,-0.8869527578353882,0.21470578176358746,-0.10210305495787995,-0.0007313605045382587,0.9713269113810544,-0.03465452045202255,0.036728646606206894,-0.011244787834584713477883.2534457917
-0.0057103633880615234,0.006651073694229126,-0.004573345184326172,0.43011483260421485,-0.2192176582667183,0.046464770595395555,-0.19765879213809967,-0.4169751703739166,-0.8871655464172363,0.2145482621604883,-0.10191309367751722,-0.0007788336523498196,0.9713815150338682,-0.03760017454624176,0.03379890322685242,-0.01640097051858902477883.2633847917
-0.003516077995300293,0.004791617393493652,-0.005710244178771973,0.4297814120074733,-0.2187847180224739,0.04617039933598351,-0.1973048597574234,-0.41667211055755615,-0.887386679649353,0.21437168541624865,-0.10174201131969418,-0.0008567737108553519,0.9714383756026551,-0.03850511834025383,0.026812631636857986,-0.017828157171607018477883.2733237917
-0.000772327184677124,0.0020880699157714844,-0.006687045097351074,0.42942593151746805,-0.2184358645747646,0.04591404594527204,-0.19702735543251038,-0.416348934173584,-0.8876000046730042,0.21418632531266177,-0.1016081306431963,-0.0009241104144937506,0.9714932321367558,-0.04200053960084915,0.024706535041332245,-0.013246486894786358477883.2832627917
0.0013689100742340088,-0.004198431968688965,-0.004630386829376221,0.42905687761924016,-0.21812901633020396,0.04569681248577066,-0.1967882364988327,-0.41601336002349854,-0.8878104090690613,0.2139963590686166,-0.10149071109438776,-0.0009762576797437972,0.9715473451344536,-0.041784822940826416,0.020965058356523514,-0.007945996709167957477883.2932017917
0.0012159645557403564,-0.0057933032512664795,-0.0013058781623840332,0.4286790236898299,-0.21783256870306067,0.045539413896093235,-0.19655899703502655,-0.415669709444046,-0.8880221247673035,0.21380516770915914,-0.10137209234232002,-0.0010000290965624936,0.9716017886958583,-0.03847604617476463,0.026953812688589096,-0.004399631172418594477883.3031407917
0.0020583122968673706,-0.003597736358642578,0.002009153366088867,0.42832488029912547,-0.21745668387792894,0.045383658718058474,-0.19625693559646606,-0.4153476059436798,-0.8882396221160889,0.2136255979144965,-0.10121411915365987,-0.001015891797753965,0.9716577757942835,-0.03628106787800789,0.03608765825629234,-0.0072028748691082477883.31307979167
0.001001611351966858,0.0004112720489501953,0.004600465297698975,0.4279849616828595,-0.21700588926971806,0.04521169046208028,-0.19588688015937805,-0.4150383472442627,-0.8884658217430115,0.21345215271964282,-0.10102111179065296,-0.001032496122352955,0.9717160108946643,-0.037074312567710876,0.04329272359609604,-0.008381159044802189477883.3230187917
-3.764033317565918e-05,0.0027913153171539307,0.0028319358825683594,0.4276491898550737,-0.21652382151258176,0.04502819639401982,-0.19548849761486053,-0.41473284363746643,-0.8886961936950684,0.2132801758222378,-0.10081399686029908,-0.0010516811676720694,0.9717752638094346,-0.036837559193372726,0.03872513398528099,-0.010555896908044815477883.3329587917
-0.0004694908857345581,0.00041368603706359863,-0.001950979232788086,0.42726655368781913,-0.21610265043745217,0.04483783910671542,-0.19514819979667664,-0.4143846333026886,-0.8889334201812744,0.213085091327359,-0.10063819618748887,-0.0010782010420262167,0.9718362276759083,-0.04532642662525177,0.030382318422198296,-0.00891958363354206477883.3428977917
-0.00018961727619171143,-0.0017813444137573242,-0.0009428858757019043,0.4267996179547548,-0.21573582623581045,0.04464530370667927,-0.19486349821090698,-0.4139596223831177,-0.8891938328742981,0.21284894375024838,-0.10049084661478971,-0.001107019927056474,0.9719032117675888,-0.0529145710170269,0.028327422216534615,-0.005262264050543308477883.3528367917
0.001005128026008606,-0.003137528896331787,0.0030712485313415527,0.4262317880050438,-0.21534131421137195,0.04448738682327933,-0.1945628672838211,-0.4134426712989807,-0.889500081539154,0.21256560201366176,-0.10032854061437248,-0.0011106414998343084,0.9719818569877174,-0.0639345794916153,0.03933039307594299,-0.0012442513834685087477883.36277579167
0.0026740282773971558,-0.004261523485183716,0.005067110061645508,0.4255672354899518,-0.2148530803801154,0.0443307938884682,-0.19418710470199585,-0.4128374755382538,-0.8898632526397705,0.21223536931341858,-0.10012258424446213,-0.0010984927458793647,0.9720753010071741,-0.07178744673728943,0.04750017076730728,0.0002444557612761855477883.3727147917
0.0033510029315948486,-0.0014445185661315918,0.00455319881439209,0.42485725508735506,-0.21425785546858087,0.044169211407776576,-0.19371967017650604,-0.4121907353401184,-0.8902648687362671,0.2118828716815381,-0.09986604986318687,-0.0010751280105090744,0.9721786158414871,-0.07625606656074524,0.05767512694001198,-0.0014263143530115485477883.3826537917
0.002144426107406616,0.002045869827270508,0.005954563617706299,0.42413298778595243,-0.2135685812936835,0.043977515943272975,-0.1931692212820053,-0.4115307331085205,-0.8906896710395813,0.21152196123645944,-0.09956717091801476,-0.0010559002871211587,0.9722878814745273,-0.07810457050800323,0.06392423063516617,-0.003341127187013626477883.3925927917
0.0001131892204284668,0.0007959902286529541,0.004705905914306641,0.4233979013992268,-0.2127925559712796,0.043744939281884276,-0.19254179298877716,-0.41086068749427795,-0.8911347389221191,0.21115380430294786,-0.0992305260378307,-0.0010470694422239357,0.9724022690122847,-0.07695874571800232,0.07668443769216537,-0.003825887106359005477883.4025327917
-0.0027076750993728638,-0.004399478435516357,0.006107330322265625,0.4226366892947459,-0.21193346265542365,0.04353211196662636,-0.19184188544750214,-0.41016656160354614,-0.8916053175926208,0.2107739369635029,-0.09885179001093332,-0.0010187679066821498,0.9725233502460581,-0.08122992515563965,0.08001099526882172,-0.0010282364673912525477883.4124717917
8.58604907989502e-05,-0.010949462652206421,0.004897415637969971,0.42181269009644967,-0.21105117795001213,0.0433440258178376,-0.19112589955329895,-0.4094149172306061,-0.89210444688797,0.21036479317185175,-0.09846035530919911,-0.0009729677793727243,0.972651663419936,-0.08793911337852478,0.08156339079141617,0.004152444191277027477883.4224107917
0.0011499077081680298,-0.011999040842056274,0.005177140235900879,0.4209132963224267,-0.21019097000123896,0.04324091334846333,-0.19043518602848053,-0.40859419107437134,-0.8926282525062561,0.20992312825595438,-0.09807216901690648,-0.0008844957853858526,0.9727863675840911,-0.09249018877744675,0.08334796875715256,0.01235178392380476477883.4323497917
-0.002293989062309265,-0.010884761810302734,0.005801141262054443,0.41992761678358165,-0.2092991422827543,0.04314022362413377,-0.18972262740135193,-0.40769436955451965,-0.8931912779808044,0.20943957896677065,-0.09767002920660346,-0.0007873235294445502,0.9729311094477615,-0.1065642386674881,0.08741959184408188,0.012588202953338623477883.4422887917
-0.0011870414018630981,-0.008550077676773071,0.005758762359619141,0.41880837858753206,-0.20833176848202192,0.04301011673709223,-0.1889527440071106,-0.4066721200942993,-0.8938202261924744,0.20888960930399617,-0.09723686619703734,-0.0006899256604892545,0.9730927651656115,-0.12012691795825958,0.09711962938308716,0.015000494197010994477883.4522277917
-0.0004103928804397583,-0.008178651332855225,0.00782155990600586,0.41754505467252,-0.20725604149398888,0.04288945328132771,-0.18809670209884644,-0.4055176377296448,-0.8945250511169434,0.20826994131724647,-0.09675279527988759,-0.0005695802846482634,0.9732739722646593,-0.13425575196743011,0.10795184969902039,0.016809649765491486477883.4621667917
-0.0037991106510162354,-0.009871900081634521,0.00989687442779541,0.41614379518690686,-0.20606740414234048,0.042735357790313795,-0.18714939057826996,-0.404236376285553,-0.8953033685684204,0.2075814652014801,-0.09621986110387472,-0.0004472262067097832,0.973473974617356,-0.15124937891960144,0.11716558784246445,0.01385860051959753477883.4721057917
-0.0033530890941619873,-0.007989317178726196,0.00940626859664917,0.4145991428829869,-0.20477101560793035,0.0425740579792089,-0.1861153244972229,-0.4028230607509613,-0.8961554765701294,0.20682274444194437,-0.09563785555924224,-0.0003105930917872701,0.9736928578241251,-0.16009731590747833,0.13352417945861816,0.017219610512256622477883.4820457917
-0.0034782439470291138,-0.0068073272705078125,0.014666736125946045,0.41295695099437546,-0.20334194778280495,0.042386993208567536,-0.1849678009748459,-0.4013194739818573,-0.8970671892166138,0.2060151636358788,-0.09499550579655733,-0.00016879614678505517,0.9739268360100366,-0.17349620163440704,0.1390470415353775,0.013017674908041954477883.4919847917
0.0011952221393585205,-0.000506281852722168,0.011257946491241455,0.4112242064597605,-0.20184810282801455,0.042132460579353555,-0.18376664817333221,-0.3997317850589752,-0.898022472858429,0.20516005078618982,-0.09432987096160911,-4.973398411695085e-05,0.9741720912846163,-0.18134818971157074,0.14161309599876404,0.012119756080210209477883.5019237917
-0.0018167644739151,0.004513144493103027,0.010285139083862305,0.4093929876150487,-0.20032047060550612,0.04180245777052987,-0.1825399249792099,-0.39805254340171814,-0.8990179896354675,0.20425327219316802,-0.09365690146396882,3.97088228599185e-05,0.974427446425996,-0.19394415616989136,0.14060403406620026,0.0014529970940202475477883.51186279167
-0.004450127482414246,0.005320996046066284,0.007085442543029785,0.4074800077261432,-0.1986844179769318,0.041348087051194096,-0.18121881783008575,-0.3962969183921814,-0.90006023645401,0.20330067265379106,-0.09294466577187495,8.226267028221823e-05,0.9746948053993951,-0.20391561090946198,0.152192160487175,-0.0069903540425002575477883.5218017917
-0.007931247353553772,0.00857958197593689,0.009579181671142578,0.4055289508869556,-0.1969210991208449,0.040773252160049886,-0.17978237569332123,-0.3945048749446869,-0.9011349678039551,0.20232379404257284,-0.0921824351142235,7.923868835157943e-05,0.9749705316486657,-0.20553746819496155,0.15793606638908386,-0.018936762586236477883.5317407917
-0.005667150020599365,0.003935277462005615,0.004311680793762207,0.403597397863953,-0.19513870385618523,0.04014670448431254,-0.17832334339618683,-0.392729252576828,-0.9021998047828674,0.2013540189821869,-0.09141468576237169,5.010912833208758e-05,0.9752435080227445,-0.20277395844459534,0.1527300775051117,-0.019266264513134956477883.5416797917
-0.0025593191385269165,-0.0016088783740997314,0.00012743473052978516,0.4017175439162273,-0.1934712405128439,0.039530838898039634,-0.17696033418178558,-0.3909997344017029,-0.9032188057899475,0.20040990829586208,-0.090699832164408,1.0278987803979955e-05,0.9755046489062149,-0.19618530571460724,0.13569357991218567,-0.01995655708014965477883.5516187917
-0.0007942914962768555,-0.001537919044494629,-0.00714641809463501,0.3999054516451759,-0.19201572935864394,0.03894778296037776,-0.17578043043613434,-0.38933125138282776,-0.9041694402694702,0.19950026683686833,-0.09008278976997511,-3.967856534525804e-05,0.97574833665048,-0.18732993304729462,0.11524824798107147,-0.018897688016295433477883.56155879167
0.003292262554168701,0.0025357306003570557,-0.009364962577819824,0.3982323787869726,-0.1907289169289567,0.038395306978892846,-0.1747400313615799,-0.38778963685035706,-0.9050332307815552,0.1986597780275147,-0.08954153097217718,-9.964580604288065e-05,0.9759695868318643,-0.17022711038589478,0.10946200042963028,-0.017566373571753502477883.5714977917
0.0062072426080703735,0.0076844096183776855,-0.0053185224533081055,0.3967333853103738,-0.18942875805945097,0.037857115117765204,-0.17367245256900787,-0.3864075243473053,-0.9058294892311096,0.19790482647632818,-0.08898835105635461,-0.0001608858329372187,0.9761734757579698,-0.1488221436738968,0.11208727955818176,-0.02394520491361618477883.5814367917
0.004820182919502258,0.011203765869140625,-0.0064948201179504395,0.3954540067925198,-0.188183135988051,0.037320964722987536,-0.17263634502887726,-0.3852272033691406,-0.9065300226211548,0.19725709442373626,-0.08845688142368606,-0.0002380751613162979,0.9763529119128486,-0.12590724229812622,0.097117118537426,-0.025943107903003693477883.5913757917
0.004525348544120789,0.012860864400863647,-0.013089954853057861,0.3944059378781915,-0.1871356401292795,0.03681520874605462,-0.1717616766691208,-0.38425979018211365,-0.9071065783500671,0.19672361054080442,-0.08801440796612364,-0.000331787014223206,0.9765004782860387,-0.10228483378887177,0.07700586318969727,-0.02662954106926918477883.6013147917
0.0037687569856643677,0.012961506843566895,-0.01904541254043579,0.39358952595901825,-0.1862881258617276,0.036361237309550196,-0.17105087637901306,-0.3835059404373169,-0.9075598120689392,0.1963054779761103,-0.08765993138407661,-0.0004314128484046442,0.9766164257919394,-0.07775072753429413,0.06473135948181152,-0.026593321934342384477883.6112537917
0.004499316215515137,0.012572765350341797,-0.02070993185043335,0.3930199578056897,-0.18558603467409723,0.0359404237941048,-0.17045393586158752,-0.3829798698425293,-0.9078941941261292,0.19600926950988964,-0.08736853720888177,-0.0005411200856535459,0.9767020476724964,-0.05103366822004318,0.04657517001032829,-0.02912099100649357477883.6211927917
0.002289101481437683,0.011550575494766235,-0.02772355079650879,0.3927723528451191,-0.18511558349294738,0.03554343615487467,-0.17004422843456268,-0.38275113701820374,-0.9080674648284912,0.19587127266238416,-0.08718208584853601,-0.0006772433709937853,0.9767461886316725,-0.013697484508156776,0.020758751779794693,-0.03373651206493378477883.6311327917
0.0013063251972198486,0.009301155805587769,-0.03380459547042847,0.3929306205875524,-0.18490254415860452,0.03517523265622035,-0.16983963549137115,-0.38289734721183777,-0.9080440998077393,0.1959325395174035,-0.08711131139149239,-0.0008436335906779058,0.9767401500321891,0.030357014387845993,-0.0050859833136200905,-0.03779497370123863477883.6410717917
0.003384411334991455,0.008963972330093384,-0.037318408489227295,0.39349067999692966,-0.18503325918913155,0.03486195128899224,-0.16991885006427765,-0.3834146559238434,-0.9078109860420227,0.19619215154692188,-0.08719601689592398,-0.0010357521072795195,0.9766803205840775,0.06879202276468277,-0.045988939702510834,-0.039254385977983475477883.6510107917
0.0033569931983947754,0.009122103452682495,-0.03617912530899048,0.3943890039235141,-0.18549331174554123,0.034617131376569556,-0.17027288675308228,-0.3842441737651825,-0.9073938131332397,0.19661959486531327,-0.08742896634554889,-0.0012427395971770228,0.9765732330049826,0.09838994592428207,-0.06774695217609406,-0.040096741169691086477883.6609529167
0.0020863115787506104,0.005200415849685669,-0.02780783176422119,0.39549644841493037,-0.1861137415701595,0.0343872270029021,-0.1707569807767868,-0.38526636362075806,-0.9068692922592163,0.19714945087616,-0.08773511464371653,-0.0014682914688493032,0.9764387331512822,0.11567439883947372,-0.07118402421474457,-0.04000939056277275477883.67089191667
0.003002956509590149,-0.003126591444015503,-0.015483081340789795,0.396725024191443,-0.186716813370431,0.03424980681297174,-0.17121586203575134,-0.3863998055458069,-0.9063003659248352,0.19774234551514944,-0.08802156119287413,-0.001653030945689915,0.9762926629282118,0.1255885511636734,-0.05960959568619728,-0.031889691948890686477883.6808309167
0.007726714015007019,-0.011194676160812378,-0.005834817886352539,0.3980364319796504,-0.1872516868603277,0.034283697647985945,-0.17160610854625702,-0.3876090347766876,-0.905709981918335,0.19838307942833852,-0.08825623563824796,-0.0017516663237975294,0.9761413044960335,0.13692055642604828,-0.046636272221803665,-0.012370584532618523477883.6907699167
0.011309266090393066,-0.014906048774719238,-0.005013763904571533,0.3994069400474077,-0.18777894786257876,0.034539934008999636,-0.17198431491851807,-0.38887202739715576,-0.9050966501235962,0.19906232855150593,-0.08846387685544983,-0.0017441979052085776,0.9759843443963607,0.14707976579666138,-0.04291927441954613,0.008202677592635155477883.7007099167
0.011289030313491821,-0.013017922639846802,-0.008959174156188965,0.40084401365242167,-0.18844570362535243,0.035017687394662024,-0.17248287796974182,-0.3901955783367157,-0.904431939125061,0.1997836806903944,-0.08871598346550291,-0.001646161177363492,0.9758142121623647,0.1575569063425064,-0.05591310188174248,0.02556009590625763477883.7106489167
0.009012505412101746,-0.009731978178024292,-0.011281490325927734,0.4023251908865133,-0.18932218725856162,0.03567326550462129,-0.17316657304763794,-0.3915589451789856,-0.90371173620224,0.20053425824060264,-0.08905128632913994,-0.0014850741123939026,0.9756298954202086,0.16283641755580902,-0.07003440707921982,0.036308180540800095477883.7205879167
0.006468966603279114,-0.004728794097900391,-0.008093655109405518,0.40381628285923893,-0.1903278932509217,0.036396188455628725,-0.1739647090435028,-0.3929305374622345,-0.9029628038406372,0.20129261472016058,-0.08944197322143975,-0.001305377430035226,0.9754382116702499,0.16190510988235474,-0.07584463059902191,0.03926961496472359477883.7305269167
0.004356890916824341,0.0021479427814483643,-0.0006678104400634766,0.4052549254952516,-0.19136962857363243,0.03712340350198615,-0.17479756474494934,-0.39425304532051086,-0.9022251963615417,0.20202565056905072,-0.08985001288547147,-0.0011255433662216707,0.9752494025316286,0.1510804146528244,-0.07622617483139038,0.03780844062566757477883.7404659167
0.0027399659156799316,0.007140129804611206,0.005733609199523926,0.40661964003841905,-0.1923977943676153,0.03781063681846806,-0.17562206089496613,-0.3955068588256836,-0.9015160799026489,0.20272098206029826,-0.09025615453779577,-0.0009610794211611928,0.9750677193768105,0.14576873183250427,-0.07505917549133301,0.0359966941177845477883.7504049167
0.0021097660064697266,0.007330983877182007,0.011835038661956787,0.40789102406891786,-0.19332946024972944,0.03842563813232768,-0.17636515200138092,-0.396674245595932,-0.9008578658103943,0.20336770416302283,-0.09062371659219481,-0.0008182268991510644,0.9748990315862849,0.12946182489395142,-0.06597766280174255,0.024922030046582222477883.7603439167
0.0025546252727508545,0.00916755199432373,0.016292691230773926,0.40904425271910233,-0.19414163410284094,0.038916210662199954,-0.17700837552547455,-0.39773261547088623,-0.9002648591995239,0.2039512954602066,-0.09094744063653992,-0.0007186640385657972,0.9747471525558693,0.11765789240598679,-0.06374379992485046,0.02142236940562725477883.7702839167
0.0032019466161727905,0.007909834384918213,0.012943565845489502,0.41010180208984687,-0.1949513546610884,0.03936655865577776,-0.17765569686889648,-0.3987026810646057,-0.899708092212677,0.20448651851171132,-0.09127554059651696,-0.0006342398860076925,0.9746043711321374,0.10764292627573013,-0.06543264538049698,0.020511742681264877477883.7802229167
0.0024654418230056763,0.0038987696170806885,0.008410871028900146,0.41106922810863056,-0.1957426721845808,0.03978054963020262,-0.17829248309135437,-0.3995897173881531,-0.8991884589195251,0.20497624089373775,-0.09159981383052525,-0.000561634807348721,0.9744710369263405,0.09741371870040894,-0.06581800431013107,0.01998470351099968477883.7901619167
0.0009716153144836426,0.002592325210571289,0.004462480545043945,0.41197460367946276,-0.19655278367181098,0.04016689157269649,-0.17895014584064484,-0.4004195034503937,-0.8986884951591492,0.20543448897644934,-0.0919369935043866,-0.0005017481291608727,0.974342826815257,0.09499042481184006,-0.06910489499568939,0.015468782745301723477883.8001009167
-0.002875715494155884,0.00448492169380188,0.002232193946838379,0.4128412129440715,-0.19730539200177677,0.04044699785007717,-0.17955836653709412,-0.4012134373188019,-0.8982129693031311,0.20586899073698856,-0.09225758433013241,-0.00048614504272981307,0.9742209076197865,0.09034240990877151,-0.0625884085893631,0.0027431331109255552477883.8100399167
-0.007064834237098694,0.006975382566452026,0.004569709300994873,0.41369451139234564,-0.19796590629491104,0.04061225297626423,-0.1800842136144638,-0.401994913816452,-0.8977581858634949,0.20629174873325215,-0.09254523144727572,-0.0005166676428546291,0.974104115725053,0.08570154011249542,-0.05838943272829056,-0.005303945392370224477883.81997891667
-0.005776569247245789,0.008286833763122559,0.005510985851287842,0.41446032392366156,-0.19860182546661434,0.04069446334674208,-0.1805942803621292,-0.40269601345062256,-0.8973414301872253,0.2066680422403723,-0.09283108637616247,-0.0005809571306809591,0.9739970901702688,0.0727364718914032,-0.06479806452989578,-0.007657380774617195477883.8299179167
-0.00232522189617157,0.005185335874557495,0.006075561046600342,0.41507288540706233,-0.19928869138601382,0.040741785984891574,-0.18116173148155212,-0.4032566249370575,-0.8969752192497253,0.20696806829029246,-0.09314834320800153,-0.0006599745641268084,0.9739030764405592,0.05386671423912048,-0.07006388157606125,-0.005147513467818499477883.8398569167
0.0024923235177993774,7.849931716918945e-05,0.008257925510406494,0.41547843353704345,-0.20000072492819232,0.040827101482955,-0.18176785111427307,-0.4036276936531067,-0.8966856598854065,0.20716910263384644,-0.09347802929835221,-0.0007127679225793493,0.9738287349580599,0.029427949339151382,-0.06523557007312775,0.003853438189253211477883.8497969167
0.005779564380645752,-0.004718780517578125,0.009108245372772217,0.4156219435626063,-0.2006336017180507,0.04098082858852868,-0.18232376873493195,-0.4037590026855469,-0.8965136408805847,0.20724588853480508,-0.09376734396373664,-0.0007108063650415053,0.9737845828390473,0.007369762286543846,-0.0518723800778389,0.018092261627316475477883.8597359167
0.006004706025123596,-0.006140798330307007,0.008347094058990479,0.4155853374183469,-0.20120483681116033,0.04122470220245067,-0.1828388124704361,-0.4037255048751831,-0.8964238166809082,0.20723933480473,-0.09402094445362759,-0.0006493865143253896,0.9737615728757026,-0.002954247873276472,-0.044511400163173676,0.02961655892431736477883.86967491667
0.005302309989929199,-0.00615045428276062,0.005028247833251953,0.4154580607673292,-0.20177159307475948,0.04152625328290877,-0.1833571195602417,-0.4036090672016144,-0.8963704109191895,0.207191469724662,-0.09426825357691387,-0.0005547618500622575,0.9737477962559178,-0.006696266122162342,-0.045380059629678726,0.029437581077218056477883.8796139167
0.002775728702545166,-0.0036898553371429443,-0.0006320476531982422,0.4153956451043495,-0.20231781244077676,0.0418483914252336,-0.18385177850723267,-0.40355196595191956,-0.8962947726249695,0.20717617289983165,-0.09450210181959363,-0.0004512940313672331,0.9737284408610188,0.006234446074813604,-0.042963773012161255,0.02995024062693119477883.8895529167
0.0018490850925445557,0.001317441463470459,-0.0064460039138793945,0.41549836174754834,-0.20292765715790856,0.04217759888275286,-0.18438999354839325,-0.40364593267440796,-0.8961418867111206,0.20724157996748993,-0.0947627751710747,-0.00035950149701496903,0.9736892678840345,0.028175633400678635,-0.05233794450759888,0.024131402373313904477883.8994919167
0.002772495150566101,0.004487544298171997,-0.012361884117126465,0.41584455358513356,-0.20364915585683444,0.042494627298640855,-0.1850082278251648,-0.403962641954422,-0.8958716988563538,0.20742488098950881,-0.09507396185280648,-0.0002978911837909215,0.9736199581129164,0.054346781224012375,-0.06629690527915955,0.01808496192097664477883.9094319167
0.0018070042133331299,0.00840073823928833,-0.014918923377990723,0.41646942866374087,-0.2045023200567593,0.04277377849607007,-0.18572118878364563,-0.4045341908931732,-0.8954662084579468,0.20774196688238647,-0.09544724578658763,-0.0002830595028202598,0.973515761730754,0.0789252445101738,-0.08135534822940826,0.008376230485737324477883.9193709167
-4.8995018005371094e-05,0.010568290948867798,-0.017309606075286865,0.4173547429247967,-0.2054593716580092,0.04301375353015294,-0.18650497496128082,-0.4053436815738678,-0.8949370980262756,0.20818380927818136,-0.09586950595079843,-0.0003120269619271143,0.9733798414319892,0.10339010506868362,-0.09147030115127563,0.0007976732449606061477883.9293099167
-0.0020378977060317993,0.008740007877349854,-0.016144752502441406,0.4184096072599606,-0.20645530576238244,0.04322003583665772,-0.1873084306716919,-0.40630775690078735,-0.8943319320678711,0.2087063893124944,-0.09631036103136249,-0.000370805372032712,0.9732245009498702,0.11271985620260239,-0.09356854856014252,-0.0055945999920368195477883.9392489167
-0.0005722939968109131,0.008597731590270996,-0.013360261917114258,0.4195400298411505,-0.20743230949783933,0.043390423917419964,-0.18808738887310028,-0.407340407371521,-0.8936984539031982,0.20926391527519783,-0.0967438943320227,-0.00044960913287395154,0.9730617480360886,0.11339310556650162,-0.09242524206638336,-0.00960345659404993477883.9491879167
0.0010706037282943726,0.00526091456413269,-0.0110093355178833,0.42063161473803873,-0.20843475028711916,0.04354175514997504,-0.18889105319976807,-0.4083370864391327,-0.8930738568305969,0.20980156754878054,-0.09719238573764734,-0.0005388600724751669,0.9729010862387951,0.10779684782028198,-0.10061736404895782,-0.007120558060705662477883.9591269167
0.0018798261880874634,0.0027812719345092773,-0.013736307621002197,0.4216765017564474,-0.20950880437909042,0.04373608657120144,-0.18976131081581116,-0.4092906713485718,-0.8924526572227478,0.21031847358131348,-0.09767193418056927,-0.0006127852872349626,0.9727413947556658,0.1056644544005394,-0.101939357817173,-0.0012978232698515058477883.9690659167
0.0009513795375823975,-0.0007835626602172852,-0.011508703231811523,0.42270317968087684,-0.21063596242885393,0.043984651710114835,-0.1906791627407074,-0.4102272093296051,-0.891826868057251,0.21082906901992696,-0.09817170434883797,-0.0006655285824604396,0.9725806158778818,0.10926829278469086,-0.10544590651988983,0.0037707791198045015477883.9790059167
0.003789544105529785,-0.0017762482166290283,-0.012430310249328613,0.423773310314454,-0.21185189824677778,0.04432152075381946,-0.19167101383209229,-0.41120290756225586,-0.8911646604537964,0.2113650518573347,-0.09870406035819879,-0.0006876693991120786,0.972410421797466,0.11905248463153839,-0.11621200293302536,0.009174865670502186477883.9889449167
0.0062983036041259766,-0.0005393028259277344,-0.014290928840637207,0.42497992034412546,-0.21320997315700155,0.044731848058510465,-0.19277597963809967,-0.41230249404907227,-0.8904179334640503,0.21197091027930898,-0.09929434989223156,-0.0006972713656360763,0.9722183519405099,0.14172516763210297,-0.12620744109153748,0.014972498640418053477883.9988839167
0.004124000668525696,-0.0016420185565948486,-0.01235055923461914,0.42641631384668666,-0.21469745118707662,0.0452330142559794,-0.1939738690853119,-0.41361069679260254,-0.8895506262779236,0.21269278744561554,-0.09993224324824669,-0.0006899234243599173,0.9719953325941167,0.16343073546886444,-0.13418839871883392,0.014059033244848251477884.0088229167
0.00286024808883667,-0.0002773404121398926,-0.00945746898651123,0.4280498659133029,-0.21627064549144986,0.04573808220103066,-0.19522780179977417,-0.4150974154472351,-0.8885833024978638,0.21351053009864318,-0.10060624306787806,-0.0007018485117563089,0.971746416677094,0.181170254945755,-0.14438362419605255,0.005568386055529118477884.01876191667
0.002549991011619568,0.0016516149044036865,-0.009756803512573242,0.42983540751204197,-0.21799146105453945,0.04626244155749261,-0.19659599661827087,-0.4167211949825287,-0.887520968914032,0.214402876823554,-0.10134560710063358,-0.0007300412502853626,0.9714730069699767,0.1931808441877365,-0.15718384087085724,0.008959921076893806477884.0287009167
0.002202644944190979,0.0004540383815765381,-0.009687244892120361,0.43169128678206725,-0.2198368265107733,0.04681661650233384,-0.19806447625160217,-0.41840752959251404,-0.8864003419876099,0.21533069856843218,-0.102139671178513,-0.0007627350912842723,0.9711845988351172,0.19744224846363068,-0.1701676994562149,0.006422866135835648477884.0386399167
0.0034943968057632446,0.003213047981262207,-0.0038635730743408203,0.43353694430998413,-0.22174472734631592,0.04733595193088915,-0.19958509504795074,-0.4200831353664398,-0.8852660059928894,0.21625164349260081,-0.10296705869570136,-0.0008203462934898154,0.9708925337435155,0.1920221894979477,-0.17188969254493713,0.006068133283406496477884.0485799167
0.007309645414352417,0.004274487495422363,0.00246584415435791,0.43531265951043074,-0.22360489745949605,0.047846879585205754,-0.2010657638311386,-0.42169392108917236,-0.8841644525527954,0.21713814922944388,-0.10377283139591394,-0.0008747283181770871,0.9706087523888483,0.18008586764335632,-0.15625199675559998,0.005813212599605322477884.0585189167
0.0061378031969070435,0.0027028322219848633,0.00969398021697998,0.4369624729946825,-0.22525166255691684,0.048331359505466,-0.20236584544181824,-0.42318928241729736,-0.8831528425216675,0.2179622147131892,-0.1044799810860175,-0.0009131851671754232,0.9703481819586788,0.1630626767873764,-0.13805034756660461,0.006806039251387119477884.06845791667
0.0034584254026412964,0.0022031962871551514,0.012241601943969727,0.43839871867594116,-0.22669234128464388,0.04877996677345985,-0.2035011500120163,-0.42449015378952026,-0.88226717710495,0.21868094599059287,-0.1050954274394463,-0.0009355949687473997,0.9701199668760331,0.14277982711791992,-0.11707312613725662,0.007271902170032263477884.0783969167
0.0010981559753417969,0.0018436908721923828,0.014136552810668945,0.4396367619075293,-0.22790507284695008,0.04915957745576735,-0.2044520527124405,-0.42561081051826477,-0.8815070986747742,0.21930009091856215,-0.10561207478386446,-0.0009560430281647658,0.9699240331999868,0.120246022939682,-0.09884299337863922,0.003949075937271118477884.0883359167
0.00019513070583343506,0.00580260157585144,0.011378347873687744,0.440673221111858,-0.22891585781974985,0.04946552112861508,-0.20524275302886963,-0.42654848098754883,-0.8808699250221252,0.21981776575736323,-0.10604336825064158,-0.0009790352940609037,0.9697597110673524,0.1019100621342659,-0.08357157558202744,0.002266213297843933477884.0982749167
-0.0047642141580581665,0.0075858235359191895,0.00612872838973999,0.4415990278986117,-0.2298667327116221,0.04969140227532539,-0.20599019527435303,-0.4273856282234192,-0.8802894949913025,0.22027756869969597,-0.10645682464915235,-0.0010283049139983569,0.9696100820204248,0.09198712557554245,-0.09517017751932144,-0.0018230705754831433477884.1082139167
-0.0024593770503997803,0.0073590874671936035,-0.00840449333190918,0.4424960908783363,-0.2309729107607834,0.049877533844244336,-0.2068759799003601,-0.4281964898109436,-0.879687488079071,0.2207212121507384,-0.10695042209079869,-0.0011127532060505874,0.9694547596346457,0.09497183561325073,-0.11382638663053513,-0.004300043918192387477884.1181539167
-0.00037226080894470215,0.008250057697296143,-0.011197209358215332,0.4434147068683217,-0.23221710722520264,0.05006564134325709,-0.2078797072172165,-0.42902642488479614,-0.8790462613105774,0.22117522253590788,-0.10750990813650259,-0.0012132887918858692,0.9692893070462933,0.09707093983888626,-0.12297514081001282,-0.0059275017119944096477884.1280929167
0.0027499347925186157,0.004726201295852661,-0.009551763534545898,0.44437878878960957,-0.2335173724997446,0.05023690140011821,-0.2089267075061798,-0.42989709973335266,-0.8783724308013916,0.2216502284623694,-0.10809703600805706,-0.0013315002751264071,0.9691152270163499,0.10589601844549179,-0.12744928896427155,-0.008368853479623795477884.1380319167
0.005870819091796875,0.0020885467529296875,-0.008701145648956299,0.44544611791013144,-0.2348992790482354,0.05044075948469442,-0.21003343164920807,-0.4308605194091797,-0.8776361346244812,0.222176734108554,-0.10871719265177975,-0.0014497941376934165,0.968925200171127,0.11312463134527206,-0.13500069081783295,-0.003994079306721687477884.1479709167
0.006268531084060669,-0.0035302042961120605,-0.010693490505218506,0.4466261486001986,-0.23635782122027024,0.05071199357099475,-0.21119406819343567,-0.43192508816719055,-0.8768339157104492,0.22276129895651778,-0.10936378506338981,-0.0015515414228375879,0.9687179207471672,0.12921962141990662,-0.13219089806079865,-0.002870362950488925477884.1579099167
0.0035394132137298584,-0.006460398435592651,-0.008445203304290771,0.4479287383212139,-0.23778227687329406,0.0510229996012211,-0.21231016516685486,-0.43309953808784485,-0.8759846687316895,0.2234071784661602,-0.10998584267812306,-0.0016385276422403172,0.9684986716274697,0.1366967111825943,-0.13069793581962585,-0.0021790063474327326477884.1678489167
0.0033213794231414795,-0.004650086164474487,-0.011365294456481934,0.4492774005502728,-0.23922471965923384,0.051369657542075904,-0.21343490481376648,-0.4343147575855255,-0.8751092553138733,0.22407719392220374,-0.11061093920384554,-0.001714048967753956,0.9682725075691954,0.14365002512931824,-0.1314881592988968,0.00168361805845052477884.1777879167
-0.0013893842697143555,-0.0017014741897583008,-0.00912708044052124,0.4506710391291771,-0.24070265528590976,0.0517560431210595,-0.21458353102207184,-0.4355696737766266,-0.8742042183876038,0.22477098934680473,-0.11124702599356429,-0.0017781014501742631,0.9680387483331,0.15076759457588196,-0.13183969259262085,-0.0036291221622377634477884.1877279167
-0.003991648554801941,0.002612769603729248,-0.006119489669799805,0.4521248931181018,-0.24215905012389805,0.05209368309043903,-0.21570441126823425,-0.43687790632247925,-0.8732750415802002,0.22549109150611585,-0.11187601650962457,-0.0018681206570753672,0.9677985632175975,0.15494412183761597,-0.13330818712711334,-0.008290751837193966477884.1976669167
-0.003713831305503845,0.006315439939498901,-0.0034236907958984375,0.4536124152971872,-0.2436357347143405,0.05240783613288507,-0.21683672070503235,-0.4382154643535614,-0.8723239302635193,0.22622594944138102,-0.11251599532984183,-0.001974986624569741,0.9675526697643081,0.15494118630886078,-0.13905848562717438,-0.008714727126061916477884.2076059167
0.0004921555519104004,0.006944328546524048,-0.0019972920417785645,0.45509346819067675,-0.245122510109678,0.05268761842941559,-0.2179756909608841,-0.43954625725746155,-0.8713700175285339,0.22695556312276607,-0.1131643390975953,-0.002100356764091982,0.9673058763302763,0.1497318595647812,-0.13899783790111542,-0.012149294838309288477884.21754491667
0.0010916292667388916,0.007699161767959595,0.0030561089515686035,0.4564948957515715,-0.24656139629041202,0.052917897337648324,-0.2190786898136139,-0.4408046305179596,-0.8704572319984436,0.2276437796730025,-0.11379672337888726,-0.0022403409295483345,0.9670695649643699,0.1378789246082306,-0.13469922542572021,-0.014877703040838242477884.2274839167
0.0006348341703414917,0.007291823625564575,0.0032864809036254883,0.4577924783344211,-0.24798640365864247,0.05308899017566543,-0.22017830610275269,-0.44196897745132446,-0.8695889115333557,0.22827828234994743,-0.11443144341718842,-0.002401812510585355,0.9668446802485512,0.12394469976425171,-0.13959385454654694,-0.01761627569794655477884.2374229167
0.001060977578163147,0.008903145790100098,0.00780797004699707,0.45895969604110554,-0.24936024035039175,0.053176867809494086,-0.22124531865119934,-0.4430156946182251,-0.8687851428985596,0.2288449162345911,-0.11505404665922388,-0.0025902880801219053,0.966636403757464,0.109007827937603,-0.13102513551712036,-0.02405579946935177477884.2473629167
7.894635200500488e-05,0.01021033525466919,0.013717472553253174,0.46000953133390887,-0.2505407821977826,0.05315015414136111,-0.22215536236763,-0.4439566433429718,-0.8680722713470459,0.2293483461446555,-0.11559925469765017,-0.0028052685541258837,0.966451428721303,0.09710473567247391,-0.1133616715669632,-0.032638516277074814477884.2573019167
0.0033698827028274536,0.01135718822479248,0.017238140106201172,0.46100023831008685,-0.2515227413931207,0.053051951192103416,-0.22289809584617615,-0.44484415650367737,-0.8674272894859314,0.22981917234612814,-0.11605814586658875,-0.003028771875494163,0.9662838808046409,0.09690286964178085,-0.09337704628705978,-0.03585561737418175477884.26724091667
0.003219231963157654,0.007882863283157349,0.018084585666656494,0.4620279683851773,-0.2523076229606566,0.05291486501730227,-0.22346460819244385,-0.44576436281204224,-0.8668089509010315,0.2303056908815583,-0.11642518862596483,-0.0032511944711129948,0.9661231457011172,0.10398899018764496,-0.08013882488012314,-0.03582793474197388477884.2771799167
0.006787389516830444,0.00238993763923645,0.009329497814178467,0.4631706166051773,-0.2530859632841023,0.05282189173328767,-0.22401152551174164,-0.44678691029548645,-0.8661410212516785,0.23085001554493983,-0.11678078171025318,-0.0034593235797638067,0.9659495659892889,0.12037196010351181,-0.08718235790729523,-0.03627800941467285477884.2871189167
0.010184094309806824,0.0009465217590332031,-0.00438535213470459,0.46449122555693484,-0.25406098068473687,0.05281568126560266,-0.22470742464065552,-0.4479679763317108,-0.8653503656387329,0.23148466777475407,-0.11721634641487225,-0.0036602274181489203,0.9657441185772718,0.13910582661628723,-0.11116497218608856,-0.03149957209825516477884.2970579167
0.010091707110404968,0.0018948614597320557,-0.01282733678817749,0.4659279734122793,-0.25530629990558035,0.052895900843077236,-0.22562211751937866,-0.44925203919410706,-0.864446222782135,0.2321795941758867,-0.11776895293631387,-0.003858929238952702,0.9655093256109073,0.1452753096818924,-0.13081111013889313,-0.02808619663119316477884.3069969167
0.0019757449626922607,0.0008869171142578125,-0.012945592403411865,0.4673621897753746,-0.25664534541037004,0.05300619324244077,-0.22661566734313965,-0.4505329132080078,-0.8635192513465881,0.23287461553248567,-0.11836300246522162,-0.004054744412677558,0.9652684988568838,0.1390761286020279,-0.13095976412296295,-0.02843434363603592477884.3169369167
-0.004651427268981934,-2.3752450942993164e-05,-0.007832527160644531,0.46866701923666493,-0.25796240929736486,0.053043069905543104,-0.22760260105133057,-0.451697438955307,-0.8626508712768555,0.23350272718093218,-0.1189582081623034,-0.004275884891193349,0.9650425548174625,0.1206318810582161,-0.13118985295295715,-0.03079470433294773477884.3268759167
-0.004600360989570618,9.310245513916016e-05,-0.003269016742706299,0.46979031173232294,-0.2592163568422431,0.05303979179709091,-0.22855395078659058,-0.45269933342933655,-0.8618738055229187,0.23404084312612702,-0.11953239080430764,-0.004497875383104422,0.9648402269994056,0.09862334281206131,-0.12004546821117401,-0.029520777985453606477884.3368149167
-0.005494251847267151,-0.000477522611618042,0.005975842475891113,0.4706906906507664,-0.2603017646095872,0.05295992213734756,-0.22938428819179535,-0.45350196957588196,-0.8612309694290161,0.23446717014111412,-0.12004024600730838,-0.004722973448540668,0.9646725405612676,0.07578887045383453,-0.10326995700597763,-0.029978575184941292477884.3467539167
-0.002601146697998047,-0.00033921003341674805,0.011060893535614014,0.471376711237388,-0.2611677246437995,0.05284782318601395,-0.23004961013793945,-0.45411327481269836,-0.8607312440872192,0.23478867032515122,-0.12045190795575808,-0.004924074445065041,0.9645419835131299,0.0533311702311039,-0.08052630722522736,-0.024236882105469704477884.3566929167
-0.004772067070007324,-0.0018541812896728516,0.014182984828948975,0.47185144336819007,-0.2618127977084842,0.05270299367656454,-0.23054897785186768,-0.45453619956970215,-0.8603743314743042,0.23500686319847294,-0.12076673213917681,-0.005101207399980545,0.9644486079138801,0.034002747386693954,-0.06595455855131149,-0.02504701539874077477884.3666319167
-0.0026107877492904663,0.0011330246925354004,0.008944034576416016,0.47217301459940364,-0.26234714285574323,0.05253183513715285,-0.23097077012062073,-0.4548225998878479,-0.860109806060791,0.23514992713415947,-0.12103552283631212,-0.00526794512655504,0.9643791814880653,0.02169410139322281,-0.06181193143129349,-0.021243425086140633477884.3765719167
-0.00031460821628570557,0.00034233927726745605,0.00019532442092895508,0.47239883504880276,-0.2628657574201664,0.05234687236292447,-0.2313901036977768,-0.45502370595932007,-0.8598906993865967,0.23524605813900373,-0.1213010360199994,-0.00543317827908768,0.9643213765641168,0.01748896948993206,-0.06526125967502594,-0.02243252657353878477884.3865109167
0.003312617540359497,0.00011935830116271973,-0.005802929401397705,0.4726111000810681,-0.26345782886552743,0.05218654718807663,-0.231874018907547,-0.45521271228790283,-0.859660267829895,0.23533685658939346,-0.12159942853590625,-0.005594308203947296,0.9642607412336914,0.021166276186704636,-0.07002236694097519,-0.017956137657165527477884.3964499167
0.007258087396621704,0.0021588802337646484,-0.00565105676651001,0.4728281211639862,-0.2641015140280142,0.05204669452834967,-0.2324015200138092,-0.45540592074394226,-0.8594154715538025,0.23543096836685803,-0.12192015135134088,-0.005752013713100079,0.9641963510475782,0.016332905739545822,-0.06725934147834778,-0.016191525384783745477884.4063889167
0.007554247975349426,0.004948556423187256,0.0027907490730285645,0.47304794420127677,-0.26465418911760896,0.051893491218159504,-0.23285028338432312,-0.45560163259506226,-0.8591902852058411,0.2355257916592643,-0.12219847436735433,-0.0059056804209957625,0.9641370790944437,0.019643930718302727,-0.05483199656009674,-0.021692544221878052477884.41632791667
0.0042410194873809814,0.006381779909133911,0.011221170425415039,0.47328670623936286,-0.2650224026544326,0.05168230714069755,-0.23313812911510468,-0.4558141529560089,-0.8589994311332703,0.23562668966400901,-0.12239418096698126,-0.006066892615579633,0.9640865662663148,0.01948813535273075,-0.038975268602371216,-0.02987377531826496477884.4262669167
-0.0008281171321868896,0.0055970847606658936,0.011470556259155273,0.4735537236983556,-0.2652156890247404,0.05139536944982093,-0.2332722395658493,-0.4560517966747284,-0.8588368892669678,0.2357370300525717,-0.1225137154086887,-0.006245932592478354,0.9640432421891418,0.014906926080584526,-0.02666011080145836,-0.03473982587456703477884.4362059167
-0.002620697021484375,0.002804696559906006,0.008425116539001465,0.4737765753532756,-0.26529151161991377,0.051048017570525794,-0.23331071436405182,-0.4562501311302185,-0.8587210774421692,0.23582274586206853,-0.12258500665957105,-0.006437281965656572,0.9640119581860682,0.010394997894763947,-0.017982998862862587,-0.03725384920835495477884.4461459167
-0.0009278357028961182,-0.0021615922451019287,0.006677865982055664,0.47394001265515895,-0.26527774064700477,0.05066101144719399,-0.23327933251857758,-0.45639553666114807,-0.8586523532867432,0.235877712206596,-0.12261946773689349,-0.006633180298131147,0.9639928102335548,0.0033688736148178577,-0.014889620244503021,-0.038080621510744095477884.4560849167
0.0001741647720336914,-0.005608290433883667,0.0017527937889099121,0.47404491372314184,-0.26526074496011415,0.050293691172703055,-0.23325218260288239,-0.45648887753486633,-0.8586100935935974,0.23590573583240912,-0.12265170116789453,-0.006815273078819295,0.9639805411362736,0.0017291652038693428,-0.015465928241610527,-0.03071005828678608477884.46602391667
0.0010108649730682373,-0.00673714280128479,-0.0017969012260437012,0.4741138593187743,-0.2653029362550405,0.050019266864058,-0.23328016698360443,-0.4565502405166626,-0.8585699200630188,0.23592191033869803,-0.12270249271541106,-0.006957143094685647,0.9639692027962512,0.0005578295094892383,-0.02013171650469303,-0.0203788373619318477884.4759629167
0.002272963523864746,-0.009582936763763428,-0.0048125386238098145,0.47412237355723674,-0.26545897560730425,0.04983486925020531,-0.23341311514377594,-0.4565578103065491,-0.8585297465324402,0.23591414461919075,-0.12279921834308308,-0.00706499815360101,0.9639579953467348,-0.005828963592648506,-0.02825169451534748,-0.009016459807753563477884.4859019167
0.0061689019203186035,-0.008365601301193237,-0.0062163472175598145,0.4740671512249994,-0.26575918487727,0.0497737870541945,-0.2336774617433548,-0.45650866627693176,-0.8584839701652527,0.2358827523926452,-0.12295263668033102,-0.0071261345574513135,0.9639456764105623,-0.008539623580873013,-0.03926558047533035,0.0021716062910854816477884.4958409167
0.01033732295036316,-0.00349271297454834,-0.007263064384460449,0.4739530732885976,-0.2662086126416133,0.04983217665701802,-0.23407696187496185,-0.4564071595668793,-0.8584290742874146,0.23582984755317773,-0.12316550455057888,-0.007143312379024824,0.9639313212064741,-0.008381697349250317,-0.04488937556743622,0.015031744726002216477884.5057809167
0.0096282958984375,-0.0013144314289093018,-0.004478096961975098,0.47382888314940813,-0.26673397620300954,0.049996453148693415,-0.2345428466796875,-0.4562966823577881,-0.8583606481552124,0.23577835085735607,-0.12340277324875239,-0.007117704989506535,0.9639137295258018,-0.006907857023179531,-0.043736301362514496,0.014003967866301537477884.5157199167
0.006379932165145874,0.0011340081691741943,0.0010426044464111328,0.4737338847260483,-0.2671849160689987,0.05007476243206674,-0.23494134843349457,-0.4562121331691742,-0.8582966327667236,0.23573585565109514,-0.12361349494583074,-0.007126696101417529,0.9638971147050341,-0.005929145496338606,-0.03764006122946739,0.006878147833049297477884.5256589167
0.005678221583366394,0.006815552711486816,0.004802584648132324,0.47372267422976394,-0.2675035762708339,0.05013853679347855,-0.2352161854505539,-0.4562021493911743,-0.8582266569137573,0.23573326872021877,-0.12375986448446426,-0.0071327611618081654,0.9638789239359423,0.005364992190152407,-0.02153337560594082,0.0034226011484861374477884.5355979167
0.004854574799537659,0.0029136240482330322,0.008108198642730713,0.473830394432993,-0.26771469716915774,0.05019265228898436,-0.23538435995578766,-0.45629802346229553,-0.8581295013427734,0.23578773239144368,-0.12385226178378443,-0.0071388758572069055,0.963853539857492,0.01753244176506996,-0.018925342708826065,0.000693660113029182477884.5455369167
0.009157836437225342,0.004230082035064697,0.003292560577392578,0.4740923526695785,-0.2679119428535452,0.05028683456962829,-0.23552197217941284,-0.4565311074256897,-0.8579677939414978,0.23591889891749918,-0.12392893805235486,-0.007134506502054994,0.9638116174667002,0.03879787400364876,-0.01192227192223072,2.8262031264603138e-05477884.5554759167
0.007198512554168701,0.004425019025802612,-0.0016314983367919922,0.47456876645780294,-0.2681675794773459,0.050434792446538805,-0.2356836348772049,-0.4569549262523651,-0.8576977252960205,0.23615635294321746,-0.12402140778402529,-0.007125699593694357,0.9637416642691621,0.05738141015172005,-0.02774331346154213,-0.0009467212366871536477884.5654149167
0.005494177341461182,0.006047040224075317,-0.011462152004241943,0.4752430719054039,-0.26860641716698486,0.05064105133714631,-0.23597818613052368,-0.4575546085834503,-0.8572969436645508,0.23649195709284354,-0.124189672372602,-0.007123981133320412,0.9636377312350755,0.0784970223903656,-0.042195774614810944,-0.00019845529459416866477884.5753549167
-0.008139282464981079,0.008012622594833374,0.0012784600257873535,0.4760294608681267,-0.2690120718280613,0.05076921269473628,-0.23623022437095642,-0.4582537114620209,-0.8568540215492249,0.23687671167214805,-0.1243479357153977,-0.007163754651805632,0.9635225373255523,0.07742776721715927,-0.027324680238962173,-0.020377760753035545477884.5852939167
-0.012407362461090088,0.01096254587173462,-0.002376735210418701,0.4767734398846993,-0.26914088393380664,0.050693213665439246,-0.2362498790025711,-0.4589148461818695,-0.8564947247505188,0.2372293170201843,-0.12439813806447765,-0.007266308644402253,0.9634285710527599,0.06315220892429352,-0.007733209989964962,-0.029007796198129654477884.5952329167
-0.003601968288421631,0.004762232303619385,-0.006270647048950195,0.47740304725303684,-0.26907152583291766,0.05056773778347616,-0.23611362278461456,-0.4594741463661194,-0.8562324047088623,0.23752454057753758,-0.12436197214900158,-0.007361404499114543,0.9633597825256066,0.05272219702601433,0.009476669132709503,-0.025602679699659348477884.6051719167
-0.0034947246313095093,-0.00455358624458313,-0.007026374340057373,0.47790954819295667,-0.26893043073797857,0.05048362572129495,-0.235930934548378,-0.45992395281791687,-0.8560411930084229,0.23776339756101916,-0.12428981745268433,-0.007419639802717537,0.9633097043404721,0.04526323080062866,0.009951695799827576,-0.016509687528014183477884.61511091667
-0.004597216844558716,-0.01201397180557251,-0.010532200336456299,0.4783404981604226,-0.2688805062588761,0.05050746597404004,-0.23583552241325378,-0.4603065848350525,-0.8558618426322937,0.23797227924870015,-0.12425085992755983,-0.007431548508236796,0.9632630731520033,0.041009362787008286,-0.0009472901001572609,-0.003780843922868371477884.6250499167
-0.0002742558717727661,-0.012243270874023438,-0.013833940029144287,0.4786838388699273,-0.26897077614205583,0.050645703405472677,-0.23587077856063843,-0.46061134338378906,-0.8556881546974182,0.23814561416458221,-0.12426824885641238,-0.007399084870887029,0.9632182533415639,0.035574838519096375,-0.0039566922932863235,0.007766632828861475477884.6349899167
0.002136021852493286,-0.010061115026473999,-0.010271430015563965,0.4789762968098873,-0.26910108489801104,0.05088324771413265,-0.2359464466571808,-0.4608709216117859,-0.8555275201797485,0.2383005024312396,-0.12429448720249364,-0.007320121422681625,0.9631771818411479,0.03164933994412422,-0.002169977407902479,0.017876792699098587477884.6449289167
0.0016669780015945435,-0.006608694791793823,-0.003591775894165039,0.47916986268093786,-0.2692048232669253,0.05117762328904983,-0.23601146042346954,-0.46104270219802856,-0.855417013168335,0.238411499960832,-0.12430391415137768,-0.007203915455010701,0.9631493011563511,0.02360599860548973,0.00890440121293068,0.023952431976795197477884.6548640417
0.002952203154563904,-0.004780679941177368,-0.0011584758758544922,0.47932119642388343,-0.26921275983402915,0.0514995266824296,-0.2359996885061264,-0.46117696166038513,-0.8553478717803955,0.23850423083883143,-0.12426507777980002,-0.007060160674489113,0.96313241368432,0.02233939804136753,0.017417993396520615,0.021052515134215355477884.66480304167
0.00247800350189209,-0.002069443464279175,-0.002466559410095215,0.47952214092683443,-0.2692045233678298,0.05185281051203018,-0.2359679937362671,-0.4613552689552307,-0.85526043176651,0.23862279316257543,-0.1242132659748986,-0.006902750433439964,0.9631109246093441,0.035792265087366104,0.01547946222126484,0.02473580278456211477884.6747420417
0.0017532259225845337,-3.618001937866211e-05,-0.008482575416564941,0.47983605937291035,-0.26927637004543264,0.052247955894327576,-0.23599089682102203,-0.46163374185562134,-0.8551038503646851,0.2387980151543128,-0.12419177683541709,-0.006742469540042706,0.9630713136176114,0.04616660997271538,0.00496636750176549,0.022176239639520645477884.6846810417
-0.0006885528564453125,0.008750110864639282,-0.015373528003692627,0.48026298148692365,-0.2694800769437317,0.05258711623146418,-0.2361125946044922,-0.4620124101638794,-0.8548656702041626,0.2390236124757713,-0.12423715493881728,-0.0066326411826653775,0.9630102589141962,0.051323115825653076,-0.014037834480404854,0.01186781469732523477884.6946210417
-0.0029386579990386963,0.01557818055152893,-0.015467345714569092,0.48075313705817047,-0.2697923555986232,0.05282155985508853,-0.2363191545009613,-0.46244707703590393,-0.8545735478401184,0.23927273010446587,-0.124345424263634,-0.006590603629250236,0.9629347444878096,0.051615264266729355,-0.02502656728029251,0.0014814864844083786477884.7045600417
-0.007918953895568848,0.014643251895904541,-0.013314008712768555,0.48117875992310705,-0.2700790484915027,0.052909388436015094,-0.23651160299777985,-0.46282440423965454,-0.854315996170044,0.2394818008023838,-0.12446070894755623,-0.006611761029961527,0.9628677379147866,0.032819896936416626,-0.025193586945533752,-0.010454833507537842477884.7144990417
-0.012082517147064209,0.015077471733093262,-0.006186723709106445,0.48144484162233075,-0.27028072942327985,0.052817659215859854,-0.23665101826190948,-0.46306025981903076,-0.854149580001831,0.23960327632504375,-0.12456112988445643,-0.006698298565292915,0.962823989894513,0.011371329426765442,-0.023363463580608368,-0.01821368746459484477884.7244380417
-0.013918936252593994,0.012831538915634155,0.0039479732513427734,0.4814932477408127,-0.27037078325456143,0.052579684398144214,-0.2367219477891922,-0.46310317516326904,-0.8541066646575928,0.23961143836183676,-0.124631615409194,-0.006826976319415257,0.9628118180819567,-0.015235263854265213,-0.017433855682611465,-0.027227580547332764477884.7343770417
